STATEFP10,COUNTYFP10,TRACTCE10,GEOID10,NAME10,NAMELSAD10,MTFCC10,FUNCSTAT10,ALAND10,AWATER10,INTPTLAT10,INTPTLON10,layer
53,53,62000,53053062000,620,Census Tract 620,G5020,S,2065337,33947,47.2293124,-122.4184094,tl_2010_53_tract10
53,53,71601,53053071601,716.01,Census Tract 716.01,G5020,S,4032408,0,47.1797628,-122.4100405,tl_2010_53_tract10
53,53,73111,53053073111,731.11,Census Tract 731.11,G5020,S,3722813,9777,47.1222606,-122.2774345,tl_2010_53_tract10
53,53,940007,53053940007,9400.07,Census Tract 9400.07,G5020,S,2496062,19583,47.232117,-122.4011947,tl_2010_53_tract10
53,53,940006,53053940006,9400.06,Census Tract 9400.06,G5020,S,1825313,0,47.2153941,-122.4012241,tl_2010_53_tract10
53,53,73116,53053073116,731.16,Census Tract 731.16,G5020,S,16086210,51408,47.022268,-122.32238,tl_2010_53_tract10
53,53,72800,53053072800,728,Census Tract 728,G5020,S,17788609,5712976,47.1023688,-122.6646903,tl_2010_53_tract10
53,53,72107,53053072107,721.07,Census Tract 721.07,G5020,S,4886687,160238,47.167782,-122.5585803,tl_2010_53_tract10
53,53,71703,53053071703,717.03,Census Tract 717.03,G5020,S,870866,50966,47.1709835,-122.463994,tl_2010_53_tract10
53,53,73113,53053073113,731.13,Census Tract 731.13,G5020,S,18494403,6944,47.0719425,-122.2649319,tl_2010_53_tract10
53,53,72506,53053072506,725.06,Census Tract 725.06,G5020,S,15310755,12251321,47.3645964,-122.5517132,tl_2010_53_tract10
53,53,71411,53053071411,714.11,Census Tract 714.11,G5020,S,3379474,0,47.0718234,-122.4088549,tl_2010_53_tract10
53,53,71410,53053071410,714.1,Census Tract 714.10,G5020,S,5863766,0,47.0857643,-122.4199422,tl_2010_53_tract10
53,53,72308,53053072308,723.08,Census Tract 723.08,G5020,S,7758469,9209648,47.2057027,-122.5747949,tl_2010_53_tract10
53,53,940010,53053940010,9400.1,Census Tract 9400.10,G5020,S,8891471,277252,47.2059953,-122.3015523,tl_2010_53_tract10
53,53,71409,53053071409,714.09,Census Tract 714.09,G5020,S,2125874,0,47.1007056,-122.4174613,tl_2010_53_tract10
53,53,73302,53053073302,733.02,Census Tract 733.02,G5020,S,2969879,104978,47.1972462,-122.2371882,tl_2010_53_tract10
53,53,71803,53053071803,718.03,Census Tract 718.03,G5020,S,4601874,0,47.1847255,-122.5078626,tl_2010_53_tract10
53,53,73115,53053073115,731.15,Census Tract 731.15,G5020,S,6850712,3197,47.0394147,-122.3483495,tl_2010_53_tract10
53,53,72106,53053072106,721.06,Census Tract 721.06,G5020,S,3402637,0,47.186136,-122.533961,tl_2010_53_tract10
53,53,72105,53053072105,721.05,Census Tract 721.05,G5020,S,4670508,15487,47.1871468,-122.553261,tl_2010_53_tract10
53,53,62600,53053062600,626,Census Tract 626,G5020,S,6947731,6314,47.2203846,-122.4773836,tl_2010_53_tract10
53,53,73200,53053073200,732,Census Tract 732,G5020,S,547849892,11770247,46.8396447,-122.1317883,tl_2010_53_tract10
53,53,72410,53053072410,724.1,Census Tract 724.10,G5020,S,13514702,24930837,47.2524317,-122.6399961,tl_2010_53_tract10
53,53,73110,53053073110,731.1,Census Tract 731.10,G5020,S,5662560,138804,47.1337449,-122.2530423,tl_2010_53_tract10
53,53,73108,53053073108,731.08,Census Tract 731.08,G5020,S,9902119,0,47.0940827,-122.3370511,tl_2010_53_tract10
53,53,71902,53053071902,719.02,Census Tract 719.02,G5020,S,6314496,2751449,47.1530137,-122.5374064,tl_2010_53_tract10
53,53,72307,53053072307,723.07,Census Tract 723.07,G5020,S,1953748,0,47.2165495,-122.5529414,tl_2010_53_tract10
53,53,72311,53053072311,723.11,Census Tract 723.11,G5020,S,2443701,6948,47.231509,-122.5321758,tl_2010_53_tract10
53,53,72109,53053072109,721.09,Census Tract 721.09,G5020,S,4061199,10540232,47.1668216,-122.6128467,tl_2010_53_tract10
53,53,72407,53053072407,724.07,Census Tract 724.07,G5020,S,5520662,4000034,47.2984272,-122.5635095,tl_2010_53_tract10
53,53,73001,53053073001,730.01,Census Tract 730.01,G5020,S,64359627,959259,46.9683597,-122.5002896,tl_2010_53_tract10
53,53,70100,53053070100,701,Census Tract 701,G5020,S,1897355141,13767066,46.9553624,-121.8157019,tl_2010_53_tract10
53,53,73006,53053073006,730.06,Census Tract 730.06,G5020,S,119019611,2753601,46.8987783,-122.4184454,tl_2010_53_tract10
53,53,70206,53053070206,702.06,Census Tract 702.06,G5020,S,38985434,419124,47.1089989,-122.091859,tl_2010_53_tract10
53,53,71506,53053071506,715.06,Census Tract 715.06,G5020,S,3932086,0,47.1216337,-122.4054248,tl_2010_53_tract10
53,53,71504,53053071504,715.04,Census Tract 715.04,G5020,S,2651532,0,47.145689,-122.4452788,tl_2010_53_tract10
53,53,70309,53053070309,703.09,Census Tract 703.09,G5020,S,11566869,21534,47.1858588,-122.1481055,tl_2010_53_tract10
53,53,63501,53053063501,635.01,Census Tract 635.01,G5020,S,1915151,6994,47.186447,-122.4512342,tl_2010_53_tract10
53,53,71901,53053071901,719.01,Census Tract 719.01,G5020,S,4157485,17400,47.1583515,-122.5177139,tl_2010_53_tract10
53,53,62900,53053062900,629,Census Tract 629,G5020,S,2981953,0,47.2003278,-122.4786272,tl_2010_53_tract10
53,53,63000,53053063000,630,Census Tract 630,G5020,S,2204913,0,47.1971869,-122.4677762,tl_2010_53_tract10
53,53,70401,53053070401,704.01,Census Tract 704.01,G5020,S,9393178,345153,47.1679233,-122.2248326,tl_2010_53_tract10
53,53,63502,53053063502,635.02,Census Tract 635.02,G5020,S,1927508,9524,47.175075,-122.4516642,tl_2010_53_tract10
53,53,72405,53053072405,724.05,Census Tract 724.05,G5020,S,12241505,14959828,47.2956531,-122.6750802,tl_2010_53_tract10
53,53,61200,53053061200,612,Census Tract 612,G5020,S,1890515,0,47.2490842,-122.4745331,tl_2010_53_tract10
53,53,73404,53053073404,734.04,Census Tract 734.04,G5020,S,6370806,32560,47.1826415,-122.3069138,tl_2010_53_tract10
53,53,73005,53053073005,730.05,Census Tract 730.05,G5020,S,53829352,74040,46.9733114,-122.3874181,tl_2010_53_tract10
53,53,72504,53053072504,725.04,Census Tract 725.04,G5020,S,15040572,7595182,47.3460517,-122.6414481,tl_2010_53_tract10
53,53,72309,53053072309,723.09,Census Tract 723.09,G5020,S,3382201,2143024,47.224826,-122.5651033,tl_2010_53_tract10
53,53,60300,53053060300,603,Census Tract 603,G5020,S,5522101,9854287,47.306805,-122.5268439,tl_2010_53_tract10
53,53,71706,53053071706,717.06,Census Tract 717.06,G5020,S,1622812,0,47.1564998,-122.4672848,tl_2010_53_tract10
53,53,71705,53053071705,717.05,Census Tract 717.05,G5020,S,2389704,0,47.1641662,-122.4433982,tl_2010_53_tract10
53,53,71704,53053071704,717.04,Census Tract 717.04,G5020,S,1352619,0,47.1638216,-122.4667714,tl_2010_53_tract10
53,53,72408,53053072408,724.08,Census Tract 724.08,G5020,S,15306485,5135914,47.2834071,-122.5809474,tl_2010_53_tract10
53,53,71403,53053071403,714.03,Census Tract 714.03,G5020,S,5125814,969981,47.1155465,-122.448987,tl_2010_53_tract10
53,53,70207,53053070207,702.07,Census Tract 702.07,G5020,S,32788419,584804,47.1508943,-122.0115296,tl_2010_53_tract10
53,53,71209,53053071209,712.09,Census Tract 712.09,G5020,S,2324686,0,47.1635255,-122.264972,tl_2010_53_tract10
53,53,72406,53053072406,724.06,Census Tract 724.06,G5020,S,16778313,13279,47.3077702,-122.6229472,tl_2010_53_tract10
53,53,61601,53053061601,616.01,Census Tract 616.01,G5020,S,761493,0,47.2542282,-122.4402346,tl_2010_53_tract10
53,53,61800,53053061800,618,Census Tract 618,G5020,S,1383217,0,47.2267887,-122.4518296,tl_2010_53_tract10
53,53,72603,53053072603,726.03,Census Tract 726.03,G5020,S,90877304,107029921,47.1876657,-122.6960086,tl_2010_53_tract10
53,53,72602,53053072602,726.02,Census Tract 726.02,G5020,S,43250535,39077147,47.3084174,-122.7610669,tl_2010_53_tract10
53,53,61500,53053061500,615,Census Tract 615,G5020,S,1171502,0,47.2621959,-122.4494502,tl_2010_53_tract10
53,53,61300,53053061300,613,Census Tract 613,G5020,S,1574643,0,47.2500153,-122.4589966,tl_2010_53_tract10
53,53,61700,53053061700,617,Census Tract 617,G5020,S,2639447,5766,47.237848,-122.4584513,tl_2010_53_tract10
53,53,70307,53053070307,703.07,Census Tract 703.07,G5020,S,28265985,552446,47.2048941,-122.128268,tl_2010_53_tract10
53,53,61602,53053061602,616.02,Census Tract 616.02,G5020,S,1057274,0,47.2401479,-122.4377427,tl_2010_53_tract10
53,53,70308,53053070308,703.08,Census Tract 703.08,G5020,S,3218747,70628,47.183932,-122.1780732,tl_2010_53_tract10
53,53,72305,53053072305,723.05,Census Tract 723.05,G5020,S,4066575,0,47.2311155,-122.5158342,tl_2010_53_tract10
53,53,62801,53053062801,628.01,Census Tract 628.01,G5020,S,3773182,12847,47.2222193,-122.4973623,tl_2010_53_tract10
53,53,71210,53053071210,712.1,Census Tract 712.10,G5020,S,8632042,50462,47.1707139,-122.24239,tl_2010_53_tract10
53,53,71307,53053071307,713.07,Census Tract 713.07,G5020,S,5202525,15994,47.1493363,-122.3334484,tl_2010_53_tract10
53,53,62802,53053062802,628.02,Census Tract 628.02,G5020,S,3001155,0,47.1940103,-122.496448,tl_2010_53_tract10
53,53,63400,53053063400,634,Census Tract 634,G5020,S,3860357,0,47.1809619,-122.4314571,tl_2010_53_tract10
53,53,72108,53053072108,721.08,Census Tract 721.08,G5020,S,3210272,977923,47.1454232,-122.5576115,tl_2010_53_tract10
53,53,71408,53053071408,714.08,Census Tract 714.08,G5020,S,2923852,0,47.1098273,-122.4204449,tl_2010_53_tract10
53,53,73114,53053073114,731.14,Census Tract 731.14,G5020,S,6903364,17943,47.030805,-122.3745408,tl_2010_53_tract10
53,53,71503,53053071503,715.03,Census Tract 715.03,G5020,S,5629948,74482,47.133306,-122.4516947,tl_2010_53_tract10
53,53,61400,53053061400,614,Census Tract 614,G5020,S,926850,0,47.2502435,-122.4483264,tl_2010_53_tract10
53,53,940002,53053940002,9400.02,Census Tract 9400.02,G5020,S,13363873,189129,47.2490363,-122.3642571,tl_2010_53_tract10
53,53,72313,53053072313,723.13,Census Tract 723.13,G5020,S,2558624,0,47.2136116,-122.5174316,tl_2010_53_tract10
53,53,71806,53053071806,718.06,Census Tract 718.06,G5020,S,1706397,0,47.1443886,-122.5053556,tl_2010_53_tract10
53,53,62500,53053062500,625,Census Tract 625,G5020,S,2900995,0,47.2149304,-122.4522073,tl_2010_53_tract10
53,53,72111,53053072111,721.11,Census Tract 721.11,G5020,S,1947575,0,47.1661657,-122.590846,tl_2010_53_tract10
53,53,72112,53053072112,721.12,Census Tract 721.12,G5020,S,2407945,0,47.1605593,-122.5773633,tl_2010_53_tract10
53,53,940011,53053940011,9400.11,Census Tract 9400.11,G5020,S,3748599,0,47.301133,-122.4160048,tl_2010_53_tract10
53,53,71805,53053071805,718.05,Census Tract 718.05,G5020,S,1349189,0,47.1599265,-122.5002916,tl_2010_53_tract10
53,53,60600,53053060600,606,Census Tract 606,G5020,S,2130207,4742856,47.2733562,-122.4580971,tl_2010_53_tract10
53,53,61100,53053061100,611,Census Tract 611,G5020,S,4353844,41555,47.2455764,-122.4936719,tl_2010_53_tract10
53,53,72312,53053072312,723.12,Census Tract 723.12,G5020,S,2470362,0,47.2042886,-122.5203211,tl_2010_53_tract10
53,53,71808,53053071808,718.08,Census Tract 718.08,G5020,S,1955314,118426,47.178353,-122.4746903,tl_2010_53_tract10
53,53,71807,53053071807,718.07,Census Tract 718.07,G5020,S,4143029,98497,47.1695266,-122.495482,tl_2010_53_tract10
53,53,73123,53053073123,731.23,Census Tract 731.23,G5020,S,9568219,97538,47.0903198,-122.2431361,tl_2010_53_tract10
53,53,70404,53053070404,704.04,Census Tract 704.04,G5020,S,5031959,204492,47.1116228,-122.2200468,tl_2010_53_tract10
53,53,70403,53053070403,704.03,Census Tract 704.03,G5020,S,13959395,262085,47.0801301,-122.2071121,tl_2010_53_tract10
53,53,70313,53053070313,703.13,Census Tract 703.13,G5020,S,13820618,158785,47.2078839,-122.193698,tl_2010_53_tract10
53,53,70314,53053070314,703.14,Census Tract 703.14,G5020,S,4101375,1672508,47.2300552,-122.1944515,tl_2010_53_tract10
53,53,70315,53053070315,703.15,Census Tract 703.15,G5020,S,9786712,74463,47.2379348,-122.163218,tl_2010_53_tract10
53,53,70316,53053070316,703.16,Census Tract 703.16,G5020,S,3477261,2673,47.247259,-122.2206713,tl_2010_53_tract10
53,53,73125,53053073125,731.25,Census Tract 731.25,G5020,S,6257553,0,47.0793129,-122.316583,tl_2010_53_tract10
53,53,72903,53053072903,729.03,Census Tract 729.03,G5020,S,26973708,3898514,47.1289002,-122.6057942,tl_2010_53_tract10
53,53,71407,53053071407,714.07,Census Tract 714.07,G5020,S,8440957,0,47.0618192,-122.3511337,tl_2010_53_tract10
53,53,60800,53053060800,608,Census Tract 608,G5020,S,2583067,0,47.265596,-122.4963465,tl_2010_53_tract10
53,53,73119,53053073119,731.19,Census Tract 731.19,G5020,S,95934984,3855920,46.9720079,-122.213659,tl_2010_53_tract10
53,53,72507,53053072507,725.07,Census Tract 725.07,G5020,S,4228810,1501891,47.3287892,-122.5856632,tl_2010_53_tract10
53,53,72409,53053072409,724.09,Census Tract 724.09,G5020,S,5852712,2594299,47.2832879,-122.6150485,tl_2010_53_tract10
53,53,71406,53053071406,714.06,Census Tract 714.06,G5020,S,16419729,45075,47.0733893,-122.3822004,tl_2010_53_tract10
53,53,73126,53053073126,731.26,Census Tract 731.26,G5020,S,1403615,0,47.0907184,-122.3014937,tl_2010_53_tract10
53,53,73408,53053073408,734.08,Census Tract 734.08,G5020,S,2743923,19952,47.1994555,-122.3202118,tl_2010_53_tract10
53,53,73406,53053073406,734.06,Census Tract 734.06,G5020,S,4358684,65650,47.1839926,-122.2645159,tl_2010_53_tract10
53,53,73121,53053073121,731.21,Census Tract 731.21,G5020,S,2848714,0,47.1034997,-122.3054274,tl_2010_53_tract10
53,53,71310,53053071310,713.1,Census Tract 713.10,G5020,S,6498020,4148,47.1314507,-122.3461628,tl_2010_53_tract10
53,53,71309,53053071309,713.09,Census Tract 713.09,G5020,S,4133642,0,47.1150434,-122.3403114,tl_2010_53_tract10
53,53,72906,53053072906,729.06,Census Tract 729.06,G5020,S,228247892,2841538,47.0454568,-122.5519881,tl_2010_53_tract10
53,53,940004,53053940004,9400.04,Census Tract 9400.04,G5020,S,17917481,110083,47.2077761,-122.3725062,tl_2010_53_tract10
53,53,71206,53053071206,712.06,Census Tract 712.06,G5020,S,7884503,6124,47.1661273,-122.323965,tl_2010_53_tract10
53,53,62300,53053062300,623,Census Tract 623,G5020,S,2455992,0,47.2142233,-122.4167847,tl_2010_53_tract10
53,53,60200,53053060200,602,Census Tract 602,G5020,S,15688122,9223768,47.2668489,-122.4078355,tl_2010_53_tract10
53,53,60904,53053060904,609.04,Census Tract 609.04,G5020,S,1936288,12198,47.2806538,-122.5091286,tl_2010_53_tract10
53,53,61002,53053061002,610.02,Census Tract 610.02,G5020,S,3010227,8198,47.2462062,-122.5223595,tl_2010_53_tract10
53,53,61001,53053061001,610.01,Census Tract 610.01,G5020,S,2870693,1714346,47.253948,-122.5485229,tl_2010_53_tract10
53,53,70312,53053070312,703.12,Census Tract 703.12,G5020,S,8306722,15975,47.1665638,-122.2056856,tl_2010_53_tract10
53,53,940003,53053940003,9400.03,Census Tract 9400.03,G5020,S,4084968,127493,47.2287315,-122.3450761,tl_2010_53_tract10
53,53,73120,53053073120,731.2,Census Tract 731.20,G5020,S,3303454,13060,47.1162824,-122.2980948,tl_2010_53_tract10
53,53,73122,53053073122,731.22,Census Tract 731.22,G5020,S,5032221,0,47.1057866,-122.2741687,tl_2010_53_tract10
53,53,73405,53053073405,734.05,Census Tract 734.05,G5020,S,2970131,1797,47.1745628,-122.2781059,tl_2010_53_tract10
53,53,73407,53053073407,734.07,Census Tract 734.07,G5020,S,2342644,71859,47.1983845,-122.2976951,tl_2010_53_tract10
53,53,73124,53053073124,731.24,Census Tract 731.24,G5020,S,3917608,0,47.0645059,-122.304125,tl_2010_53_tract10
53,53,70703,53053070703,707.03,Census Tract 707.03,G5020,S,5745871,103929,47.2489124,-122.3177058,tl_2010_53_tract10
53,53,71306,53053071306,713.06,Census Tract 713.06,G5020,S,12236867,0,47.1240725,-122.3793226,tl_2010_53_tract10
53,53,73301,53053073301,733.01,Census Tract 733.01,G5020,S,14546898,269368,47.2248304,-122.2363016,tl_2010_53_tract10
53,53,60700,53053060700,607,Census Tract 607,G5020,S,2105872,0,47.261373,-122.4785267,tl_2010_53_tract10
53,53,72310,53053072310,723.1,Census Tract 723.10,G5020,S,2098981,0,47.2295839,-122.5435661,tl_2010_53_tract10
53,53,72000,53053072000,720,Census Tract 720,G5020,S,2686195,473449,47.1229256,-122.5401796,tl_2010_53_tract10
53,53,73118,53053073118,731.18,Census Tract 731.18,G5020,S,30926837,222958,47.0448354,-122.2375969,tl_2010_53_tract10
53,53,72905,53053072905,729.05,Census Tract 729.05,G5020,S,5817747,0,47.0909343,-122.6067137,tl_2010_53_tract10
53,53,72907,53053072907,729.07,Census Tract 729.07,G5020,S,16190482,0,47.1060657,-122.5398907,tl_2010_53_tract10
53,53,73500,53053073500,735,Census Tract 735,G5020,S,16363259,21131,47.2320641,-122.273831,tl_2010_53_tract10
53,53,61900,53053061900,619,Census Tract 619,G5020,S,1039867,0,47.2276734,-122.4341708,tl_2010_53_tract10
53,53,70310,53053070310,703.1,Census Tract 703.10,G5020,S,5623201,44073,47.1607452,-122.1649269,tl_2010_53_tract10
53,53,72901,53053072901,729.01,Census Tract 729.01,G5020,S,18236439,3086,47.1298545,-122.4905632,tl_2010_53_tract10
53,53,71602,53053071602,716.02,Census Tract 716.02,G5020,S,4693479,0,47.1599423,-122.4182984,tl_2010_53_tract10
53,53,71305,53053071305,713.05,Census Tract 713.05,G5020,S,9953796,9826,47.1506822,-122.386232,tl_2010_53_tract10
53,53,73117,53053073117,731.17,Census Tract 731.17,G5020,S,49431877,230790,46.9669034,-122.3256853,tl_2010_53_tract10
53,53,940005,53053940005,9400.05,Census Tract 9400.05,G5020,S,4263478,0,47.2791894,-122.3721534,tl_2010_53_tract10
53,53,60500,53053060500,605,Census Tract 605,G5020,S,2116833,668446,47.275208,-122.4754377,tl_2010_53_tract10
53,53,60905,53053060905,609.05,Census Tract 609.05,G5020,S,3040429,985528,47.2665694,-122.5335814,tl_2010_53_tract10
53,53,60906,53053060906,609.06,Census Tract 609.06,G5020,S,1577617,0,47.2632968,-122.5098129,tl_2010_53_tract10
53,53,60903,53053060903,609.03,Census Tract 609.03,G5020,S,2313030,1442717,47.2860173,-122.5263961,tl_2010_53_tract10
53,53,60400,53053060400,604,Census Tract 604,G5020,S,2537792,3976447,47.2852555,-122.4851483,tl_2010_53_tract10
53,53,63100,53053063100,631,Census Tract 631,G5020,S,2341220,106487,47.1974147,-122.45178,tl_2010_53_tract10
53,53,70205,53053070205,702.05,Census Tract 702.05,G5020,S,19198521,48014,47.1593963,-122.0886541,tl_2010_53_tract10
53,53,71207,53053071207,712.07,Census Tract 712.07,G5020,S,4852552,38129,47.1604416,-122.2781334,tl_2010_53_tract10
53,53,63200,53053063200,632,Census Tract 632,G5020,S,2361068,0,47.1989933,-122.4321664,tl_2010_53_tract10
53,53,71505,53053071505,715.05,Census Tract 715.05,G5020,S,4496258,0,47.1323773,-122.4235678,tl_2010_53_tract10
53,53,70311,53053070311,703.11,Census Tract 703.11,G5020,S,4985147,1573,47.1573307,-122.1379143,tl_2010_53_tract10
53,53,940009,53053940009,9400.09,Census Tract 9400.09,G5020,S,7891822,0,47.22974,-122.3127618,tl_2010_53_tract10
53,53,940008,53053940008,9400.08,Census Tract 9400.08,G5020,S,3054041,0,47.2939997,-122.39546,tl_2010_53_tract10
53,53,70204,53053070204,702.04,Census Tract 702.04,G5020,S,5176930,62258,47.1390217,-122.1299688,tl_2010_53_tract10
53,53,71304,53053071304,713.04,Census Tract 713.04,G5020,S,5346451,27399,47.1330146,-122.3093647,tl_2010_53_tract10
53,53,71707,53053071707,717.07,Census Tract 717.07,G5020,S,1269312,0,47.1547535,-122.4423065,tl_2010_53_tract10
53,53,70203,53053070203,702.03,Census Tract 702.03,G5020,S,35618989,433040,47.1299811,-122.184254,tl_2010_53_tract10
53,53,71100,53053071100,711,Census Tract 711,G5020,S,6512566,2443,47.1747129,-122.3718732,tl_2010_53_tract10
53,53,940001,53053940001,9400.01,Census Tract 9400.01,G5020,S,3041777,13399381,47.3053995,-122.4435979,tl_2010_53_tract10
53,53,71205,53053071205,712.05,Census Tract 712.05,G5020,S,7821788,4405,47.1870716,-122.3416388,tl_2010_53_tract10
53,53,71208,53053071208,712.08,Census Tract 712.08,G5020,S,3685684,4004,47.1421826,-122.2715319,tl_2010_53_tract10
53,53,62400,53053062400,624,Census Tract 624,G5020,S,2266569,0,47.2145262,-122.4337774,tl_2010_53_tract10
53,61,41810,53061041810,418.1,Census Tract 418.10,G5020,S,893332,0,47.8860716,-122.2490656,tl_2010_53_tract10
53,61,51924,53061051924,519.24,Census Tract 519.24,G5020,S,2656040,0,47.818915,-122.1962239,tl_2010_53_tract10
53,61,51922,53061051922,519.22,Census Tract 519.22,G5020,S,3810087,0,47.8110567,-122.2248515,tl_2010_53_tract10
53,61,51921,53061051921,519.21,Census Tract 519.21,G5020,S,2453189,0,47.8208453,-122.2204838,tl_2010_53_tract10
53,61,51926,53061051926,519.26,Census Tract 519.26,G5020,S,8485750,0,47.7937206,-122.1619665,tl_2010_53_tract10
53,61,52115,53061052115,521.15,Census Tract 521.15,G5020,S,3056367,0,47.8698349,-122.1561804,tl_2010_53_tract10
53,61,52114,53061052114,521.14,Census Tract 521.14,G5020,S,6511457,0,47.8506574,-122.154929,tl_2010_53_tract10
53,61,52209,53061052209,522.09,Census Tract 522.09,G5020,S,8488223,156304,47.8308302,-122.0133223,tl_2010_53_tract10
53,61,52709,53061052709,527.09,Census Tract 527.09,G5020,S,20141509,0,48.0899357,-122.0985926,tl_2010_53_tract10
53,61,53604,53061053604,536.04,Census Tract 536.04,G5020,S,16014933,70858,48.080509,-122.0070461,tl_2010_53_tract10
53,61,53603,53061053603,536.03,Census Tract 536.03,G5020,S,41041523,427037,48.0468633,-122.0181814,tl_2010_53_tract10
53,61,52906,53061052906,529.06,Census Tract 529.06,G5020,S,2418969,0,48.069198,-122.1536756,tl_2010_53_tract10
53,61,53508,53061053508,535.08,Census Tract 535.08,G5020,S,14992453,0,48.1874425,-122.1660906,tl_2010_53_tract10
53,61,52905,53061052905,529.05,Census Tract 529.05,G5020,S,2077632,0,48.0674688,-122.1733772,tl_2010_53_tract10
53,61,41809,53061041809,418.09,Census Tract 418.09,G5020,S,1079258,0,47.8917497,-122.2455166,tl_2010_53_tract10
53,61,51928,53061051928,519.28,Census Tract 519.28,G5020,S,2302030,0,47.8434058,-122.2480891,tl_2010_53_tract10
53,61,41303,53061041303,413.03,Census Tract 413.03,G5020,S,3800694,0,47.940822,-122.2465469,tl_2010_53_tract10
53,61,51923,53061051923,519.23,Census Tract 519.23,G5020,S,3718999,0,47.8327478,-122.2090256,tl_2010_53_tract10
53,61,51925,53061051925,519.25,Census Tract 519.25,G5020,S,8038600,0,47.7949205,-122.1910322,tl_2010_53_tract10
53,61,52208,53061052208,522.08,Census Tract 522.08,G5020,S,2078470,0,47.8564399,-121.9845322,tl_2010_53_tract10
53,61,52708,53061052708,527.08,Census Tract 527.08,G5020,S,3161371,0,48.0626285,-122.1301068,tl_2010_53_tract10
53,61,53507,53061053507,535.07,Census Tract 535.07,G5020,S,4770172,0,48.1643568,-122.1298558,tl_2010_53_tract10
53,61,53509,53061053509,535.09,Census Tract 535.09,G5020,S,8433436,0,48.1633405,-122.1616238,tl_2010_53_tract10
53,61,40500,53061040500,405,Census Tract 405,G5020,S,1812087,198968,47.9849396,-122.1815113,tl_2010_53_tract10
53,61,52003,53061052003,520.03,Census Tract 520.03,G5020,S,5854797,27393,47.8522285,-122.1797467,tl_2010_53_tract10
53,61,52118,53061052118,521.18,Census Tract 521.18,G5020,S,11235896,0,47.8662947,-122.1319588,tl_2010_53_tract10
53,61,990100,53061990100,9901,Census Tract 9901,G5020,S,0,13141096,48.2830295,-122.4109963,tl_2010_53_tract10
53,33,22006,53033022006,220.06,Census Tract 220.06,G5020,S,1408907,0,47.7043393,-122.1992667,tl_2010_53_tract10
53,33,32320,53033032320,323.2,Census Tract 323.20,G5020,S,9554873,38494,47.7564769,-122.1244452,tl_2010_53_tract10
53,33,31703,53033031703,317.03,Census Tract 317.03,G5020,S,7139218,643846,47.3716888,-122.1484314,tl_2010_53_tract10
53,33,31206,53033031206,312.06,Census Tract 312.06,G5020,S,3668962,60430,47.3135621,-122.183538,tl_2010_53_tract10
53,33,32102,53033032102,321.02,Census Tract 321.02,G5020,S,79040166,84391,47.4851508,-121.965784,tl_2010_53_tract10
53,33,32210,53033032210,322.1,Census Tract 322.10,G5020,S,41801336,17075,47.5512023,-121.9640526,tl_2010_53_tract10
53,33,32211,53033032211,322.11,Census Tract 322.11,G5020,S,2975633,0,47.5798198,-122.0193627,tl_2010_53_tract10
53,33,32104,53033032104,321.04,Census Tract 321.04,G5020,S,22481612,0,47.5051267,-122.0531593,tl_2010_53_tract10
53,33,32313,53033032313,323.13,Census Tract 323.13,G5020,S,13092990,436039,47.6705089,-122.0890118,tl_2010_53_tract10
53,33,32203,53033032203,322.03,Census Tract 322.03,G5020,S,10073205,3779419,47.5954699,-122.0694173,tl_2010_53_tract10
53,33,32703,53033032703,327.03,Census Tract 327.03,G5020,S,10319396,175463,47.5143769,-121.8178721,tl_2010_53_tract10
53,33,32704,53033032704,327.04,Census Tract 327.04,G5020,S,17160818,447183,47.4939904,-121.771673,tl_2010_53_tract10
53,33,27300,53033027300,273,Census Tract 273,G5020,S,3552158,5405,47.4780597,-122.299328,tl_2010_53_tract10
53,33,27200,53033027200,272,Census Tract 272,G5020,S,3321974,85339,47.4867948,-122.2813197,tl_2010_53_tract10
53,33,27100,53033027100,271,Census Tract 271,G5020,S,1567464,0,47.4920386,-122.2998447,tl_2010_53_tract10
53,33,27000,53033027000,270,Census Tract 270,G5020,S,1978526,12524,47.4976819,-122.3219067,tl_2010_53_tract10
53,33,26802,53033026802,268.02,Census Tract 268.02,G5020,S,2035727,18135,47.4983057,-122.3429643,tl_2010_53_tract10
53,33,26801,53033026801,268.01,Census Tract 268.01,G5020,S,1538512,5897,47.5076338,-122.3433587,tl_2010_53_tract10
53,33,26700,53033026700,267,Census Tract 267,G5020,S,3084839,419292,47.4962788,-122.3638054,tl_2010_53_tract10
53,33,26600,53033026600,266,Census Tract 266,G5020,S,1160397,0,47.512846,-122.3632681,tl_2010_53_tract10
53,33,800,53033000800,8,Census Tract 8,G5020,S,1141587,0,47.7112492,-122.2860821,tl_2010_53_tract10
53,33,700,53033000700,7,Census Tract 7,G5020,S,1294675,0,47.7156893,-122.3018632,tl_2010_53_tract10
53,33,600,53033000600,6,Census Tract 6,G5020,S,3783740,54223,47.7180013,-122.3322129,tl_2010_53_tract10
53,33,500,53033000500,5,Census Tract 5,G5020,S,2882910,932456,47.7224094,-122.3710555,tl_2010_53_tract10
53,33,402,53033000402,4.02,Census Tract 4.02,G5020,S,1798936,0,47.7168585,-122.3523664,tl_2010_53_tract10
53,33,401,53033000401,4.01,Census Tract 4.01,G5020,S,1281899,81874,47.728871,-122.3509939,tl_2010_53_tract10
53,33,300,53033000300,3,Census Tract 3,G5020,S,1210516,0,47.7305246,-122.3329227,tl_2010_53_tract10
53,33,200,53033000200,2,Census Tract 2,G5020,S,3286319,0,47.7266401,-122.3099961,tl_2010_53_tract10
53,33,100,53033000100,1,Census Tract 1,G5020,S,1910585,1486352,47.7238068,-122.2819279,tl_2010_53_tract10
53,33,990100,53033990100,9901,Census Tract 9901,G5020,S,0,239607794,47.5106478,-122.4154213,tl_2010_53_tract10
53,33,32500,53033032500,325,Census Tract 325,G5020,S,213917141,3892704,47.7019699,-121.8306143,tl_2010_53_tract10
53,33,31907,53033031907,319.07,Census Tract 319.07,G5020,S,5537497,0,47.4533052,-122.1305064,tl_2010_53_tract10
53,33,31800,53033031800,318,Census Tract 318,G5020,S,24842882,3331034,47.4085329,-122.1178196,tl_2010_53_tract10
53,33,32002,53033032002,320.02,Census Tract 320.02,G5020,S,27571053,210070,47.4347894,-122.0315839,tl_2010_53_tract10
53,33,32003,53033032003,320.03,Census Tract 320.03,G5020,S,122163698,304929,47.4405378,-121.9250546,tl_2010_53_tract10
53,33,31704,53033031704,317.04,Census Tract 317.04,G5020,S,5745119,12142,47.3485371,-122.1448222,tl_2010_53_tract10
53,33,32005,53033032005,320.05,Census Tract 320.05,G5020,S,6298146,123257,47.370487,-122.0854653,tl_2010_53_tract10
53,33,32006,53033032006,320.06,Census Tract 320.06,G5020,S,7610917,126568,47.3499202,-122.0803474,tl_2010_53_tract10
53,33,32207,53033032207,322.07,Census Tract 322.07,G5020,S,4572913,1055367,47.5819653,-122.0606739,tl_2010_53_tract10
53,33,21803,53033021803,218.03,Census Tract 218.03,G5020,S,3280334,0,47.7644157,-122.2144243,tl_2010_53_tract10
53,33,32602,53033032602,326.02,Census Tract 326.02,G5020,S,30181212,645284,47.5354747,-121.878315,tl_2010_53_tract10
53,33,32702,53033032702,327.02,Census Tract 327.02,G5020,S,510945718,12517232,47.463173,-121.4975361,tl_2010_53_tract10
53,33,32800,53033032800,328,Census Tract 328,G5020,S,1390296741,27317733,47.6526481,-121.4312963,tl_2010_53_tract10
53,33,26500,53033026500,265,Census Tract 265,G5020,S,1993802,1625,47.5145478,-122.3380052,tl_2010_53_tract10
53,33,26400,53033026400,264,Census Tract 264,G5020,S,4780011,299442,47.509131,-122.3111776,tl_2010_53_tract10
53,33,26300,53033026300,263,Census Tract 263,G5020,S,4827827,388852,47.5089631,-122.2889871,tl_2010_53_tract10
53,33,26200,53033026200,262,Census Tract 262,G5020,S,15241096,526900,47.4591441,-122.2435898,tl_2010_53_tract10
53,33,26100,53033026100,261,Census Tract 261,G5020,S,4302988,9859,47.4910723,-122.2500978,tl_2010_53_tract10
53,33,26001,53033026001,260.01,Census Tract 260.01,G5020,S,2747927,0,47.499027,-122.2362315,tl_2010_53_tract10
53,33,21500,53033021500,215,Census Tract 215,G5020,S,3485702,412518,47.7643848,-122.2737863,tl_2010_53_tract10
53,33,21400,53033021400,214,Census Tract 214,G5020,S,3154037,242662,47.7507662,-122.2924491,tl_2010_53_tract10
53,33,21300,53033021300,213,Census Tract 213,G5020,S,1811833,1189300,47.7402939,-122.286956,tl_2010_53_tract10
53,33,1702,53033001702,17.02,Census Tract 17.02,G5020,S,1280222,0,47.6965212,-122.3639488,tl_2010_53_tract10
53,33,4302,53033004302,43.02,Census Tract 43.02,G5020,S,330714,0,47.6647406,-122.303595,tl_2010_53_tract10
53,33,4301,53033004301,43.01,Census Tract 43.01,G5020,S,979359,0,47.6694017,-122.300222,tl_2010_53_tract10
53,33,7402,53033007402,74.02,Census Tract 74.02,G5020,S,249282,0,47.6187608,-122.3244188,tl_2010_53_tract10
53,33,10002,53033010002,100.02,Census Tract 100.02,G5020,S,948258,0,47.576579,-122.3095727,tl_2010_53_tract10
53,33,10001,53033010001,100.01,Census Tract 100.01,G5020,S,2253835,60359,47.5673069,-122.3043618,tl_2010_53_tract10
53,33,11002,53033011002,110.02,Census Tract 110.02,G5020,S,1676105,0,47.540414,-122.2989097,tl_2010_53_tract10
53,33,10402,53033010402,104.02,Census Tract 104.02,G5020,S,1798894,0,47.5537876,-122.3102256,tl_2010_53_tract10
53,33,10702,53033010702,107.02,Census Tract 107.02,G5020,S,784716,0,47.5468041,-122.3730302,tl_2010_53_tract10
53,33,11402,53033011402,114.02,Census Tract 114.02,G5020,S,1186185,0,47.5206654,-122.3646254,tl_2010_53_tract10
53,33,22605,53033022605,226.05,Census Tract 226.05,G5020,S,4727320,0,47.6914671,-122.1557444,tl_2010_53_tract10
53,33,22902,53033022902,229.02,Census Tract 229.02,G5020,S,3427199,1688812,47.6403935,-122.102278,tl_2010_53_tract10
53,33,24602,53033024602,246.02,Census Tract 246.02,G5020,S,2868432,2569219,47.5326968,-122.2319773,tl_2010_53_tract10
53,33,25803,53033025803,258.03,Census Tract 258.03,G5020,S,1343482,0,47.4503896,-122.178457,tl_2010_53_tract10
53,33,31601,53033031601,316.01,Census Tract 316.01,G5020,S,14669801,418507,47.331213,-122.0859477,tl_2010_53_tract10
53,33,31603,53033031603,316.03,Census Tract 316.03,G5020,S,56004069,1525160,47.3236418,-121.99185,tl_2010_53_tract10
53,33,32103,53033032103,321.03,Census Tract 321.03,G5020,S,4051480,0,47.5390618,-122.0487975,tl_2010_53_tract10
53,33,25001,53033025001,250.01,Census Tract 250.01,G5020,S,3531217,28798,47.5380627,-122.1693928,tl_2010_53_tract10
53,33,32401,53033032401,324.01,Census Tract 324.01,G5020,S,55949550,1058812,47.7463098,-121.9478877,tl_2010_53_tract10
53,33,32402,53033032402,324.02,Census Tract 324.02,G5020,S,25135349,635969,47.7044428,-121.9517972,tl_2010_53_tract10
53,33,31501,53033031501,315.01,Census Tract 315.01,G5020,S,161442521,1999864,47.3188879,-121.8784572,tl_2010_53_tract10
53,33,21100,53033021100,211,Census Tract 211,G5020,S,2619718,0,47.7412054,-122.3128854,tl_2010_53_tract10
53,33,21000,53033021000,210,Census Tract 210,G5020,S,2618870,5753,47.7396007,-122.3357847,tl_2010_53_tract10
53,33,20900,53033020900,209,Census Tract 209,G5020,S,4775453,645484,47.7432786,-122.3639033,tl_2010_53_tract10
53,33,20800,53033020800,208,Census Tract 208,G5020,S,3160164,644499,47.756977,-122.3716178,tl_2010_53_tract10
53,33,20700,53033020700,207,Census Tract 207,G5020,S,1711193,0,47.7561636,-122.3473227,tl_2010_53_tract10
53,33,20600,53033020600,206,Census Tract 206,G5020,S,1974729,0,47.7560214,-122.3321002,tl_2010_53_tract10
53,33,20500,53033020500,205,Census Tract 205,G5020,S,2722044,0,47.7562524,-122.3138057,tl_2010_53_tract10
53,33,11401,53033011401,114.01,Census Tract 114.01,G5020,S,1233153,0,47.529706,-122.362028,tl_2010_53_tract10
53,33,25302,53033025302,253.02,Census Tract 253.02,G5020,S,3972686,2424838,47.4920143,-122.2153507,tl_2010_53_tract10
53,33,25806,53033025806,258.06,Census Tract 258.06,G5020,S,2934558,150285,47.4550034,-122.2107374,tl_2010_53_tract10
53,33,27701,53033027701,277.01,Census Tract 277.01,G5020,S,44151776,9781558,47.4509608,-122.4764915,tl_2010_53_tract10
53,33,32326,53033032326,323.26,Census Tract 323.26,G5020,S,10460418,0,47.700761,-122.0785848,tl_2010_53_tract10
53,33,32327,53033032327,323.27,Census Tract 323.27,G5020,S,16127862,106609,47.7100617,-122.0434083,tl_2010_53_tract10
53,33,23404,53033023404,234.04,Census Tract 234.04,G5020,S,1793702,1870257,47.566993,-122.0852255,tl_2010_53_tract10
53,33,23403,53033023403,234.03,Census Tract 234.03,G5020,S,3308890,1972210,47.5817847,-122.1151458,tl_2010_53_tract10
53,33,23804,53033023804,238.04,Census Tract 238.04,G5020,S,1220954,0,47.6132805,-122.198466,tl_2010_53_tract10
53,33,23201,53033023201,232.01,Census Tract 232.01,G5020,S,1589789,0,47.6186062,-122.1375409,tl_2010_53_tract10
53,33,23900,53033023900,239,Census Tract 239,G5020,S,4649863,4222583,47.5830719,-122.2002301,tl_2010_53_tract10
53,33,32322,53033032322,323.22,Census Tract 323.22,G5020,S,4625052,0,47.726004,-122.0978452,tl_2010_53_tract10
53,33,32321,53033032321,323.21,Census Tract 323.21,G5020,S,12670960,0,47.7179214,-122.1263246,tl_2010_53_tract10
53,33,21804,53033021804,218.04,Census Tract 218.04,G5020,S,3067767,0,47.7657027,-122.1963736,tl_2010_53_tract10
53,33,22101,53033022101,221.01,Census Tract 221.01,G5020,S,3662797,1581554,47.7417973,-122.2556683,tl_2010_53_tract10
53,33,25003,53033025003,250.03,Census Tract 250.03,G5020,S,6352436,0,47.5567201,-122.1081035,tl_2010_53_tract10
53,33,22701,53033022701,227.01,Census Tract 227.01,G5020,S,1658813,463268,47.6536174,-122.2060589,tl_2010_53_tract10
53,33,32008,53033032008,320.08,Census Tract 320.08,G5020,S,2292594,159030,47.3669213,-122.0495778,tl_2010_53_tract10
53,33,32208,53033032208,322.08,Census Tract 322.08,G5020,S,11018171,1305361,47.5604078,-122.0460114,tl_2010_53_tract10
53,33,20402,53033020402,204.02,Census Tract 204.02,G5020,S,2786012,0,47.76951,-122.2970269,tl_2010_53_tract10
53,33,20401,53033020401,204.01,Census Tract 204.01,G5020,S,2313206,0,47.7708169,-122.3195413,tl_2010_53_tract10
53,33,20300,53033020300,203,Census Tract 203,G5020,S,2566042,36451,47.7689986,-122.3417532,tl_2010_53_tract10
53,33,20200,53033020200,202,Census Tract 202,G5020,S,2592032,0,47.7716683,-122.3633594,tl_2010_53_tract10
53,33,20100,53033020100,201,Census Tract 201,G5020,S,1772600,684792,47.7707111,-122.387361,tl_2010_53_tract10
53,33,12100,53033012100,121,Census Tract 121,G5020,S,1721295,1399504,47.507595,-122.3873799,tl_2010_53_tract10
53,33,23803,53033023803,238.03,Census Tract 238.03,G5020,S,563963,0,47.6192542,-122.1978584,tl_2010_53_tract10
53,33,25006,53033025006,250.06,Census Tract 250.06,G5020,S,22393618,0,47.5269219,-122.098686,tl_2010_53_tract10
53,33,25005,53033025005,250.05,Census Tract 250.05,G5020,S,7684826,0,47.5306823,-122.1466867,tl_2010_53_tract10
53,33,25602,53033025602,256.02,Census Tract 256.02,G5020,S,5204940,0,47.4777132,-122.1488815,tl_2010_53_tract10
53,33,29206,53033029206,292.06,Census Tract 292.06,G5020,S,17212475,214543,47.4144378,-122.2433601,tl_2010_53_tract10
53,33,29102,53033029102,291.02,Census Tract 291.02,G5020,S,2582809,0,47.3799253,-122.2841053,tl_2010_53_tract10
53,33,29101,53033029101,291.01,Census Tract 291.01,G5020,S,3352098,167811,47.3975237,-122.2794706,tl_2010_53_tract10
53,33,30006,53033030006,300.06,Census Tract 300.06,G5020,S,1984562,163997,47.3240408,-122.3041391,tl_2010_53_tract10
53,33,30314,53033030314,303.14,Census Tract 303.14,G5020,S,2503919,0,47.3080955,-122.3236866,tl_2010_53_tract10
53,33,30313,53033030313,303.13,Census Tract 303.13,G5020,S,4002289,0,47.3002419,-122.3139509,tl_2010_53_tract10
53,33,31605,53033031605,316.05,Census Tract 316.05,G5020,S,15390877,1564307,47.3204617,-122.0465501,tl_2010_53_tract10
53,33,24100,53033024100,241,Census Tract 241,G5020,S,4432887,1658184,47.6426931,-122.2202683,tl_2010_53_tract10
53,33,22703,53033022703,227.03,Census Tract 227.03,G5020,S,4207715,0,47.6572912,-122.1758426,tl_2010_53_tract10
53,33,24200,53033024200,242,Census Tract 242,G5020,S,3706733,11129640,47.6330584,-122.2404977,tl_2010_53_tract10
53,33,22203,53033022203,222.03,Census Tract 222.03,G5020,S,3205513,619554,47.7066987,-122.2253274,tl_2010_53_tract10
53,33,24800,53033024800,248,Census Tract 248,G5020,S,3775702,0,47.5743916,-122.1521009,tl_2010_53_tract10
53,33,24902,53033024902,249.02,Census Tract 249.02,G5020,S,2029984,0,47.5653697,-122.1337183,tl_2010_53_tract10
53,33,24903,53033024903,249.03,Census Tract 249.03,G5020,S,4963596,0,47.5508498,-122.1412595,tl_2010_53_tract10
53,33,25102,53033025102,251.02,Census Tract 251.02,G5020,S,6232169,0,47.4980982,-122.140725,tl_2010_53_tract10
53,33,31903,53033031903,319.03,Census Tract 319.03,G5020,S,11736814,0,47.4821782,-122.110871,tl_2010_53_tract10
53,33,31904,53033031904,319.04,Census Tract 319.04,G5020,S,18942604,168049,47.465365,-122.0628374,tl_2010_53_tract10
53,33,31906,53033031906,319.06,Census Tract 319.06,G5020,S,10822092,521709,47.4362336,-122.0943157,tl_2010_53_tract10
53,33,31301,53033031301,313.01,Census Tract 313.01,G5020,S,33118748,224283,47.2046996,-122.0589541,tl_2010_53_tract10
53,33,31100,53033031100,311,Census Tract 311,G5020,S,7323964,116159,47.2909187,-122.1895001,tl_2010_53_tract10
53,33,31000,53033031000,310,Census Tract 310,G5020,S,12595437,162785,47.2689535,-122.1862464,tl_2010_53_tract10
53,33,30902,53033030902,309.02,Census Tract 309.02,G5020,S,3926189,28185,47.2657557,-122.2444934,tl_2010_53_tract10
53,33,30901,53033030901,309.01,Census Tract 309.01,G5020,S,3121503,0,47.280712,-122.2531115,tl_2010_53_tract10
53,33,30802,53033030802,308.02,Census Tract 308.02,G5020,S,1372874,0,47.2860456,-122.2137235,tl_2010_53_tract10
53,33,30801,53033030801,308.01,Census Tract 308.01,G5020,S,6975768,33797,47.2873666,-122.2352954,tl_2010_53_tract10
53,33,12000,53033012000,120,Census Tract 120,G5020,S,1447511,0,47.5129291,-122.3806808,tl_2010_53_tract10
53,33,11900,53033011900,119,Census Tract 119,G5020,S,3175666,1320016,47.5089452,-122.2517818,tl_2010_53_tract10
53,33,10900,53033010900,109,Census Tract 109,G5020,S,4789752,272921,47.5425052,-122.3199752,tl_2010_53_tract10
53,33,10800,53033010800,108,Census Tract 108,G5020,S,4093693,330621,47.5440342,-122.3498743,tl_2010_53_tract10
53,33,10600,53033010600,106,Census Tract 106,G5020,S,2594296,817141,47.5476485,-122.3918719,tl_2010_53_tract10
53,33,10500,53033010500,105,Census Tract 105,G5020,S,1717929,0,47.5574406,-122.3855495,tl_2010_53_tract10
53,33,10300,53033010300,103,Census Tract 103,G5020,S,1660245,0,47.5541363,-122.282639,tl_2010_53_tract10
53,33,31604,53033031604,316.04,Census Tract 316.04,G5020,S,4154795,3229,47.3543883,-122.0322942,tl_2010_53_tract10
53,33,32011,53033032011,320.11,Census Tract 320.11,G5020,S,3363748,282990,47.3691715,-122.0327857,tl_2010_53_tract10
53,33,31706,53033031706,317.06,Census Tract 317.06,G5020,S,4169865,7815,47.3636938,-122.1170035,tl_2010_53_tract10
53,33,32215,53033032215,322.15,Census Tract 322.15,G5020,S,16008606,10175,47.6062193,-121.9865085,tl_2010_53_tract10
53,33,32329,53033032329,323.29,Census Tract 323.29,G5020,S,9669295,0,47.6836608,-122.029714,tl_2010_53_tract10
53,33,32328,53033032328,323.28,Census Tract 323.28,G5020,S,8504402,0,47.6641636,-122.0461287,tl_2010_53_tract10
53,33,1701,53033001701,17.01,Census Tract 17.01,G5020,S,892771,0,47.6963619,-122.3544843,tl_2010_53_tract10
53,33,7401,53033007401,74.01,Census Tract 74.01,G5020,S,259386,0,47.6229244,-122.3246584,tl_2010_53_tract10
53,33,32317,53033032317,323.17,Census Tract 323.17,G5020,S,4393971,0,47.6276169,-122.0479843,tl_2010_53_tract10
53,33,32315,53033032315,323.15,Census Tract 323.15,G5020,S,44496824,1355612,47.6679952,-121.9798462,tl_2010_53_tract10
53,33,32319,53033032319,323.19,Census Tract 323.19,G5020,S,6814532,0,47.7595596,-122.1476582,tl_2010_53_tract10
53,33,21906,53033021906,219.06,Census Tract 219.06,G5020,S,3816083,4544,47.7423026,-122.1694451,tl_2010_53_tract10
53,33,21905,53033021905,219.05,Census Tract 219.05,G5020,S,2683360,0,47.7431697,-122.1814242,tl_2010_53_tract10
53,33,32307,53033032307,323.07,Census Tract 323.07,G5020,S,11666709,234337,47.7580051,-122.0907595,tl_2010_53_tract10
53,33,32311,53033032311,323.11,Census Tract 323.11,G5020,S,23482239,92771,47.7515039,-122.0387481,tl_2010_53_tract10
53,33,32324,53033032324,323.24,Census Tract 323.24,G5020,S,2048401,0,47.6855259,-122.119983,tl_2010_53_tract10
53,33,22801,53033022801,228.01,Census Tract 228.01,G5020,S,4865268,0,47.646431,-122.1532208,tl_2010_53_tract10
53,33,30700,53033030700,307,Census Tract 307,G5020,S,1563564,0,47.2971636,-122.2215689,tl_2010_53_tract10
53,33,30600,53033030600,306,Census Tract 306,G5020,S,3359294,69662,47.3069144,-122.2074969,tl_2010_53_tract10
53,33,30504,53033030504,305.04,Census Tract 305.04,G5020,S,1524229,42763,47.3211155,-122.2135048,tl_2010_53_tract10
53,33,30503,53033030503,305.03,Census Tract 305.03,G5020,S,3258095,67676,47.3425849,-122.2130556,tl_2010_53_tract10
53,33,30501,53033030501,305.01,Census Tract 305.01,G5020,S,11215570,175434,47.3272298,-122.2353245,tl_2010_53_tract10
53,33,30404,53033030404,304.04,Census Tract 304.04,G5020,S,5989875,215746,47.267424,-122.2759315,tl_2010_53_tract10
53,33,10200,53033010200,102,Census Tract 102,G5020,S,2781085,1399183,47.5540013,-122.2608175,tl_2010_53_tract10
53,33,10100,53033010100,101,Census Tract 101,G5020,S,2509594,1534926,47.5670447,-122.2751446,tl_2010_53_tract10
53,33,9900,53033009900,99,Census Tract 99,G5020,S,6566273,2286606,47.5789585,-122.3638568,tl_2010_53_tract10
53,33,9800,53033009800,98,Census Tract 98,G5020,S,1930639,0,47.5719546,-122.383094,tl_2010_53_tract10
53,33,9702,53033009702,97.02,Census Tract 97.02,G5020,S,2219066,0,47.571927,-122.3960103,tl_2010_53_tract10
53,33,9701,53033009701,97.01,Census Tract 97.01,G5020,S,1857984,1610494,47.5731929,-122.4101745,tl_2010_53_tract10
53,33,9600,53033009600,96,Census Tract 96,G5020,S,1936670,1354203,47.5899898,-122.3882351,tl_2010_53_tract10
53,33,10401,53033010401,104.01,Census Tract 104.01,G5020,S,1616864,0,47.5532039,-122.2956376,tl_2010_53_tract10
53,33,10701,53033010701,107.01,Census Tract 107.01,G5020,S,1452792,3664,47.5450729,-122.3675013,tl_2010_53_tract10
53,33,11001,53033011001,110.01,Census Tract 110.01,G5020,S,1070772,0,47.5383594,-122.2862045,tl_2010_53_tract10
53,33,25301,53033025301,253.01,Census Tract 253.01,G5020,S,3821608,2029946,47.5102693,-122.2031668,tl_2010_53_tract10
53,33,25601,53033025601,256.01,Census Tract 256.01,G5020,S,2894103,0,47.4827528,-122.1748691,tl_2010_53_tract10
53,33,25805,53033025805,258.05,Census Tract 258.05,G5020,S,2392257,35493,47.4548196,-122.1939161,tl_2010_53_tract10
53,33,22803,53033022803,228.03,Census Tract 228.03,G5020,S,4772689,0,47.6439331,-122.1312723,tl_2010_53_tract10
53,33,23202,53033023202,232.02,Census Tract 232.02,G5020,S,1470662,0,47.6179632,-122.1270727,tl_2010_53_tract10
53,33,31205,53033031205,312.05,Census Tract 312.05,G5020,S,5853259,41398,47.3280223,-122.177855,tl_2010_53_tract10
53,33,31502,53033031502,315.02,Census Tract 315.02,G5020,S,1026438098,8763580,47.2405383,-121.6336958,tl_2010_53_tract10
53,33,22005,53033022005,220.05,Census Tract 220.05,G5020,S,2420124,0,47.7116198,-122.1939066,tl_2010_53_tract10
53,33,21802,53033021802,218.02,Census Tract 218.02,G5020,S,4904123,0,47.7673777,-122.17274,tl_2010_53_tract10
53,33,21904,53033021904,219.04,Census Tract 219.04,G5020,S,3404550,0,47.7229333,-122.1616154,tl_2010_53_tract10
53,33,30403,53033030403,304.03,Census Tract 304.03,G5020,S,3853306,6562,47.2677479,-122.30923,tl_2010_53_tract10
53,33,30401,53033030401,304.01,Census Tract 304.01,G5020,S,12138960,348070,47.2944923,-122.2855895,tl_2010_53_tract10
53,33,30312,53033030312,303.12,Census Tract 303.12,G5020,S,1855241,0,47.2932144,-122.3682146,tl_2010_53_tract10
53,33,30311,53033030311,303.11,Census Tract 303.11,G5020,S,1900453,3993,47.3078811,-122.368573,tl_2010_53_tract10
53,33,30310,53033030310,303.1,Census Tract 303.10,G5020,S,3205491,0,47.2901057,-122.3495936,tl_2010_53_tract10
53,33,9500,53033009500,95,Census Tract 95,G5020,S,2596039,2909196,47.5783426,-122.2831943,tl_2010_53_tract10
53,33,9400,53033009400,94,Census Tract 94,G5020,S,1723077,0,47.5881924,-122.3098671,tl_2010_53_tract10
53,33,9300,53033009300,93,Census Tract 93,G5020,S,9429062,719984,47.5776855,-122.3309417,tl_2010_53_tract10
53,33,9200,53033009200,92,Census Tract 92,G5020,S,330171,154864,47.6004657,-122.3348315,tl_2010_53_tract10
53,33,9100,53033009100,91,Census Tract 91,G5020,S,418836,0,47.5984232,-122.3217544,tl_2010_53_tract10
53,33,9000,53033009000,90,Census Tract 90,G5020,S,820730,0,47.5982642,-122.3090976,tl_2010_53_tract10
53,33,8900,53033008900,89,Census Tract 89,G5020,S,1280326,1636171,47.6010391,-122.2850405,tl_2010_53_tract10
53,33,8800,53033008800,88,Census Tract 88,G5020,S,948580,0,47.6073299,-122.2976324,tl_2010_53_tract10
53,33,29205,53033029205,292.05,Census Tract 292.05,G5020,S,1868727,40406,47.3878189,-122.263393,tl_2010_53_tract10
53,33,30005,53033030005,300.05,Census Tract 300.05,G5020,S,2174223,0,47.3365301,-122.3027673,tl_2010_53_tract10
53,33,31705,53033031705,317.05,Census Tract 317.05,G5020,S,5049452,4701,47.3829339,-122.1150241,tl_2010_53_tract10
53,33,32010,53033032010,320.1,Census Tract 320.10,G5020,S,4820859,0,47.3780192,-122.0232476,tl_2010_53_tract10
53,33,32213,53033032213,322.13,Census Tract 322.13,G5020,S,4137355,286842,47.586805,-121.9887226,tl_2010_53_tract10
53,33,32214,53033032214,322.14,Census Tract 322.14,G5020,S,6683464,44579,47.6028805,-122.0215,tl_2010_53_tract10
53,33,22300,53033022300,223,Census Tract 223,G5020,S,5180190,3747695,47.7138649,-122.248746,tl_2010_53_tract10
53,33,22400,53033022400,224,Census Tract 224,G5020,S,4644860,3758058,47.6859329,-122.2113268,tl_2010_53_tract10
53,33,22901,53033022901,229.01,Census Tract 229.01,G5020,S,1484063,0,47.6366077,-122.1183943,tl_2010_53_tract10
53,33,22606,53033022606,226.06,Census Tract 226.06,G5020,S,2757465,27137,47.6689188,-122.1547915,tl_2010_53_tract10
53,33,22702,53033022702,227.02,Census Tract 227.02,G5020,S,2450337,0,47.6568197,-122.1942746,tl_2010_53_tract10
53,33,23000,53033023000,230,Census Tract 230,G5020,S,3286160,2508903,47.620581,-122.1031787,tl_2010_53_tract10
53,33,30309,53033030309,303.09,Census Tract 303.09,G5020,S,2194426,27034,47.3032998,-122.3374114,tl_2010_53_tract10
53,33,30308,53033030308,303.08,Census Tract 303.08,G5020,S,2154064,0,47.3083168,-122.3520249,tl_2010_53_tract10
53,33,30306,53033030306,303.06,Census Tract 303.06,G5020,S,3764962,542278,47.3130416,-122.3996447,tl_2010_53_tract10
53,33,30305,53033030305,303.05,Census Tract 303.05,G5020,S,3783120,1035821,47.3189756,-122.3888214,tl_2010_53_tract10
53,33,8700,53033008700,87,Census Tract 87,G5020,S,732388,0,47.6059236,-122.307791,tl_2010_53_tract10
53,33,11800,53033011800,118,Census Tract 118,G5020,S,2301120,2269206,47.5154414,-122.253208,tl_2010_53_tract10
53,33,11700,53033011700,117,Census Tract 117,G5020,S,3506091,0,47.5201716,-122.2828507,tl_2010_53_tract10
53,33,11600,53033011600,116,Census Tract 116,G5020,S,3109902,971211,47.5282704,-122.3897768,tl_2010_53_tract10
53,33,11500,53033011500,115,Census Tract 115,G5020,S,1538373,0,47.5301833,-122.375533,tl_2010_53_tract10
53,33,11300,53033011300,113,Census Tract 113,G5020,S,3157555,42220,47.527369,-122.3448435,tl_2010_53_tract10
53,33,11200,53033011200,112,Census Tract 112,G5020,S,2766126,227061,47.5285208,-122.3248817,tl_2010_53_tract10
53,33,11102,53033011102,111.02,Census Tract 111.02,G5020,S,1297471,1636998,47.5379284,-122.2633605,tl_2010_53_tract10
53,33,32212,53033032212,322.12,Census Tract 322.12,G5020,S,3372134,42596,47.57097,-122.0083907,tl_2010_53_tract10
53,33,23100,53033023100,231,Census Tract 231,G5020,S,2531810,2665265,47.6067132,-122.1114759,tl_2010_53_tract10
53,33,23603,53033023603,236.03,Census Tract 236.03,G5020,S,2028190,0,47.6173977,-122.1508058,tl_2010_53_tract10
53,33,23300,53033023300,233,Census Tract 233,G5020,S,3589676,248744,47.6003452,-122.1289619,tl_2010_53_tract10
53,33,23401,53033023401,234.01,Census Tract 234.01,G5020,S,3740203,0,47.5867489,-122.1467322,tl_2010_53_tract10
53,33,23500,53033023500,235,Census Tract 235,G5020,S,2273132,0,47.5913824,-122.1728599,tl_2010_53_tract10
53,33,30304,53033030304,303.04,Census Tract 303.04,G5020,S,7344801,14259,47.2732632,-122.331856,tl_2010_53_tract10
53,33,30202,53033030202,302.02,Census Tract 302.02,G5020,S,3272013,0,47.3243897,-122.3231288,tl_2010_53_tract10
53,33,30201,53033030201,302.01,Census Tract 302.01,G5020,S,2818919,52615,47.3206275,-122.3485442,tl_2010_53_tract10
53,33,30100,53033030100,301,Census Tract 301,G5020,S,5851590,1972452,47.3361138,-122.3469054,tl_2010_53_tract10
53,33,30004,53033030004,300.04,Census Tract 300.04,G5020,S,2038151,0,47.3501042,-122.3033872,tl_2010_53_tract10
53,33,30003,53033030003,300.03,Census Tract 300.03,G5020,S,4737504,846303,47.3588458,-122.3152313,tl_2010_53_tract10
53,33,11101,53033011101,111.01,Census Tract 111.01,G5020,S,1150364,0,47.539484,-122.2773724,tl_2010_53_tract10
53,33,8600,53033008600,86,Census Tract 86,G5020,S,711360,0,47.6071015,-122.3166893,tl_2010_53_tract10
53,33,8500,53033008500,85,Census Tract 85,G5020,S,474211,0,47.6051125,-122.3249464,tl_2010_53_tract10
53,33,8400,53033008400,84,Census Tract 84,G5020,S,382615,0,47.6134675,-122.3239419,tl_2010_53_tract10
53,33,8300,53033008300,83,Census Tract 83,G5020,S,237446,0,47.6118178,-122.3280041,tl_2010_53_tract10
53,33,8200,53033008200,82,Census Tract 82,G5020,S,366705,0,47.6103728,-122.331941,tl_2010_53_tract10
53,33,8100,53033008100,81,Census Tract 81,G5020,S,827795,368877,47.6058741,-122.3393423,tl_2010_53_tract10
53,33,8002,53033008002,80.02,Census Tract 80.02,G5020,S,229060,0,47.6120871,-122.3452591,tl_2010_53_tract10
53,33,8001,53033008001,80.01,Census Tract 80.01,G5020,S,493763,546001,47.6150718,-122.3555298,tl_2010_53_tract10
53,33,7900,53033007900,79,Census Tract 79,G5020,S,698478,0,47.6143865,-122.3076722,tl_2010_53_tract10
53,33,7800,53033007800,78,Census Tract 78,G5020,S,2114574,3212025,47.6141558,-122.2810958,tl_2010_53_tract10
53,33,7700,53033007700,77,Census Tract 77,G5020,S,1058325,0,47.6191203,-122.2973516,tl_2010_53_tract10
53,33,23601,53033023601,236.01,Census Tract 236.01,G5020,S,4602566,0,47.6104586,-122.1719138,tl_2010_53_tract10
53,33,24601,53033024601,246.01,Census Tract 246.01,G5020,S,4016906,2661746,47.5484565,-122.2237306,tl_2010_53_tract10
53,33,23604,53033023604,236.04,Census Tract 236.04,G5020,S,2940216,0,47.5993896,-122.1539499,tl_2010_53_tract10
53,33,23700,53033023700,237,Census Tract 237,G5020,S,7530638,18305,47.6327201,-122.1733574,tl_2010_53_tract10
53,33,29902,53033029902,299.02,Census Tract 299.02,G5020,S,6290862,10821,47.3241338,-122.2580667,tl_2010_53_tract10
53,33,29901,53033029901,299.01,Census Tract 299.01,G5020,S,3958496,107134,47.3240587,-122.282336,tl_2010_53_tract10
53,33,29802,53033029802,298.02,Census Tract 298.02,G5020,S,6856382,174573,47.3445746,-122.2747262,tl_2010_53_tract10
53,33,29801,53033029801,298.01,Census Tract 298.01,G5020,S,7901412,164205,47.3609177,-122.2683819,tl_2010_53_tract10
53,33,29700,53033029700,297,Census Tract 297,G5020,S,11047288,222690,47.3646803,-122.2258729,tl_2010_53_tract10
53,33,29602,53033029602,296.02,Census Tract 296.02,G5020,S,6659409,50035,47.3383864,-122.1880544,tl_2010_53_tract10
53,33,29601,53033029601,296.01,Census Tract 296.01,G5020,S,3950607,70584,47.3561518,-122.1841491,tl_2010_53_tract10
53,33,29504,53033029504,295.04,Census Tract 295.04,G5020,S,1883400,0,47.3797202,-122.1945497,tl_2010_53_tract10
53,33,7600,53033007600,76,Census Tract 76,G5020,S,571878,0,47.6218678,-122.3075858,tl_2010_53_tract10
53,33,7500,53033007500,75,Census Tract 75,G5020,S,801744,0,47.6183901,-122.3168861,tl_2010_53_tract10
53,33,7300,53033007300,73,Census Tract 73,G5020,S,926047,0,47.6199883,-122.3335164,tl_2010_53_tract10
53,33,7200,53033007200,72,Census Tract 72,G5020,S,1010266,0,47.6194539,-122.3431175,tl_2010_53_tract10
53,33,7100,53033007100,71,Census Tract 71,G5020,S,862095,0,47.6224443,-122.3574017,tl_2010_53_tract10
53,33,7000,53033007000,70,Census Tract 70,G5020,S,805962,0,47.6282328,-122.3568062,tl_2010_53_tract10
53,33,6900,53033006900,69,Census Tract 69,G5020,S,902889,0,47.6343628,-122.3669714,tl_2010_53_tract10
53,33,6800,53033006800,68,Census Tract 68,G5020,S,718106,0,47.6360306,-122.3564653,tl_2010_53_tract10
53,33,6700,53033006700,67,Census Tract 67,G5020,S,1278220,102394,47.6318633,-122.3442667,tl_2010_53_tract10
53,33,6600,53033006600,66,Census Tract 66,G5020,S,1113996,826398,47.6296259,-122.3310053,tl_2010_53_tract10
53,33,6500,53033006500,65,Census Tract 65,G5020,S,1147621,0,47.6309633,-122.3177579,tl_2010_53_tract10
53,33,23801,53033023801,238.01,Census Tract 238.01,G5020,S,3723442,0,47.5957098,-122.188697,tl_2010_53_tract10
53,33,24000,53033024000,240,Census Tract 240,G5020,S,4669788,239079,47.6273756,-122.2042081,tl_2010_53_tract10
53,33,24701,53033024701,247.01,Census Tract 247.01,G5020,S,2739207,0,47.5614775,-122.1808594,tl_2010_53_tract10
53,33,24901,53033024901,249.01,Census Tract 249.01,G5020,S,3183749,0,47.5633033,-122.1575188,tl_2010_53_tract10
53,33,24702,53033024702,247.02,Census Tract 247.02,G5020,S,6392898,797574,47.5396242,-122.1897607,tl_2010_53_tract10
53,33,21700,53033021700,217,Census Tract 217,G5020,S,5665993,0,47.7641311,-122.2351861,tl_2010_53_tract10
53,33,22001,53033022001,220.01,Census Tract 220.01,G5020,S,4394633,0,47.7451437,-122.1989202,tl_2010_53_tract10
53,33,29503,53033029503,295.03,Census Tract 295.03,G5020,S,2362193,545,47.3763084,-122.2063943,tl_2010_53_tract10
53,33,29502,53033029502,295.02,Census Tract 295.02,G5020,S,4309765,36477,47.3741574,-122.1753447,tl_2010_53_tract10
53,33,29408,53033029408,294.08,Census Tract 294.08,G5020,S,1238188,0,47.3946962,-122.1916681,tl_2010_53_tract10
53,33,29407,53033029407,294.07,Census Tract 294.07,G5020,S,1360513,0,47.3942408,-122.2017733,tl_2010_53_tract10
53,33,29406,53033029406,294.06,Census Tract 294.06,G5020,S,2616772,92988,47.397426,-122.1786798,tl_2010_53_tract10
53,33,29405,53033029405,294.05,Census Tract 294.05,G5020,S,2491156,986,47.4117274,-122.1757403,tl_2010_53_tract10
53,33,6400,53033006400,64,Census Tract 64,G5020,S,903649,0,47.6285398,-122.3048258,tl_2010_53_tract10
53,33,6300,53033006300,63,Census Tract 63,G5020,S,2306076,3491020,47.6350574,-122.2767772,tl_2010_53_tract10
53,33,6200,53033006200,62,Census Tract 62,G5020,S,2730880,285632,47.6391316,-122.3012264,tl_2010_53_tract10
53,33,6100,53033006100,61,Census Tract 61,G5020,S,1241431,644264,47.6448423,-122.3222789,tl_2010_53_tract10
53,33,6000,53033006000,60,Census Tract 60,G5020,S,1349233,150279,47.6436158,-122.352052,tl_2010_53_tract10
53,33,5801,53033005801,58.01,Census Tract 58.01,G5020,S,1779677,301744,47.6548926,-122.3850376,tl_2010_53_tract10
53,33,5700,53033005700,57,Census Tract 57,G5020,S,5107335,2295838,47.6581015,-122.4137704,tl_2010_53_tract10
53,33,26002,53033026002,260.02,Census Tract 260.02,G5020,S,2767309,1607,47.4825107,-122.2239768,tl_2010_53_tract10
53,33,25804,53033025804,258.04,Census Tract 258.04,G5020,S,2358347,0,47.4547647,-122.1691692,tl_2010_53_tract10
53,33,31909,53033031909,319.09,Census Tract 319.09,G5020,S,1916060,0,47.4378388,-122.1434772,tl_2010_53_tract10
53,33,31908,53033031908,319.08,Census Tract 319.08,G5020,S,1827096,0,47.4471071,-122.1427639,tl_2010_53_tract10
53,33,22102,53033022102,221.02,Census Tract 221.02,G5020,S,4646226,0,47.742406,-122.2259045,tl_2010_53_tract10
53,33,22500,53033022500,225,Census Tract 225,G5020,S,3774561,188853,47.6799808,-122.1926045,tl_2010_53_tract10
53,33,29403,53033029403,294.03,Census Tract 294.03,G5020,S,2407382,385,47.4094368,-122.2002607,tl_2010_53_tract10
53,33,29307,53033029307,293.07,Census Tract 293.07,G5020,S,3808766,61769,47.4218407,-122.1594823,tl_2010_53_tract10
53,33,29306,53033029306,293.06,Census Tract 293.06,G5020,S,2372855,182821,47.4217238,-122.1835438,tl_2010_53_tract10
53,33,28902,53033028902,289.02,Census Tract 289.02,G5020,S,2062176,0,47.3994087,-122.3017641,tl_2010_53_tract10
53,33,28901,53033028901,289.01,Census Tract 289.01,G5020,S,2285605,425573,47.4026302,-122.3203514,tl_2010_53_tract10
53,33,28802,53033028802,288.02,Census Tract 288.02,G5020,S,2415612,415841,47.4249416,-122.2880021,tl_2010_53_tract10
53,33,28801,53033028801,288.01,Census Tract 288.01,G5020,S,5203599,0,47.4206939,-122.308606,tl_2010_53_tract10
53,33,5600,53033005600,56,Census Tract 56,G5020,S,3032928,1587292,47.6405468,-122.4071053,tl_2010_53_tract10
53,33,5400,53033005400,54,Census Tract 54,G5020,S,1199275,647090,47.6486281,-122.3381362,tl_2010_53_tract10
53,33,5302,53033005302,53.02,Census Tract 53.02,G5020,S,2511567,745303,47.6540494,-122.3013013,tl_2010_53_tract10
53,33,5301,53033005301,53.01,Census Tract 53.01,G5020,S,543485,0,47.661505,-122.3131216,tl_2010_53_tract10
53,33,5200,53033005200,52,Census Tract 52,G5020,S,964721,85584,47.6595705,-122.3235185,tl_2010_53_tract10
53,33,5100,53033005100,51,Census Tract 51,G5020,S,881711,0,47.6585183,-122.3322481,tl_2010_53_tract10
53,33,5000,53033005000,50,Census Tract 50,G5020,S,757380,0,47.6608696,-122.3418076,tl_2010_53_tract10
53,33,4900,53033004900,49,Census Tract 49,G5020,S,1085823,25325,47.6571964,-122.3518455,tl_2010_53_tract10
53,33,4800,53033004800,48,Census Tract 48,G5020,S,1318565,41555,47.6608472,-122.3601847,tl_2010_53_tract10
53,33,4700,53033004700,47,Census Tract 47,G5020,S,1950914,353088,47.6660659,-122.3749544,tl_2010_53_tract10
53,33,22603,53033022603,226.03,Census Tract 226.03,G5020,S,2896820,12563,47.6948197,-122.1716302,tl_2010_53_tract10
53,33,22604,53033022604,226.04,Census Tract 226.04,G5020,S,2955131,0,47.6762277,-122.1740019,tl_2010_53_tract10
53,33,24300,53033024300,243,Census Tract 243,G5020,S,4071795,9463811,47.5901123,-122.245844,tl_2010_53_tract10
53,33,24400,53033024400,244,Census Tract 244,G5020,S,1627672,660948,47.5822829,-122.217867,tl_2010_53_tract10
53,33,24500,53033024500,245,Census Tract 245,G5020,S,3785637,2227321,47.5664031,-122.2202549,tl_2010_53_tract10
53,33,28700,53033028700,287,Census Tract 287,G5020,S,2675325,0,47.4212394,-122.3278018,tl_2010_53_tract10
53,33,28600,53033028600,286,Census Tract 286,G5020,S,6463133,1891466,47.4329749,-122.3446892,tl_2010_53_tract10
53,33,28500,53033028500,285,Census Tract 285,G5020,S,3509824,0,47.4454085,-122.3248135,tl_2010_53_tract10
53,33,28403,53033028403,284.03,Census Tract 284.03,G5020,S,2086535,32665,47.4388693,-122.2831589,tl_2010_53_tract10
53,33,28402,53033028402,284.02,Census Tract 284.02,G5020,S,8324279,0,47.4501488,-122.3030373,tl_2010_53_tract10
53,33,28300,53033028300,283,Census Tract 283,G5020,S,8206439,153403,47.4309168,-122.2693876,tl_2010_53_tract10
53,33,4600,53033004600,46,Census Tract 46,G5020,S,1552357,1033231,47.683092,-122.3378674,tl_2010_53_tract10
53,33,4500,53033004500,45,Census Tract 45,G5020,S,671000,0,47.6685824,-122.3229111,tl_2010_53_tract10
53,33,4400,53033004400,44,Census Tract 44,G5020,S,989908,0,47.670341,-122.3119324,tl_2010_53_tract10
53,33,4200,53033004200,42,Census Tract 42,G5020,S,2464009,0,47.6702043,-122.2841019,tl_2010_53_tract10
53,33,4100,53033004100,41,Census Tract 41,G5020,S,3267563,5654701,47.667844,-122.2587932,tl_2010_53_tract10
53,33,4000,53033004000,40,Census Tract 40,G5020,S,2606984,3881765,47.681718,-122.252368,tl_2010_53_tract10
53,33,3900,53033003900,39,Census Tract 39,G5020,S,973807,0,47.6794117,-122.2823414,tl_2010_53_tract10
53,33,3800,53033003800,38,Census Tract 38,G5020,S,624606,0,47.6794093,-122.2955292,tl_2010_53_tract10
53,33,25701,53033025701,257.01,Census Tract 257.01,G5020,S,3780704,0,47.4716037,-122.1913955,tl_2010_53_tract10
53,33,22802,53033022802,228.02,Census Tract 228.02,G5020,S,2657468,0,47.6633906,-122.1350007,tl_2010_53_tract10
53,33,32309,53033032309,323.09,Census Tract 323.09,G5020,S,6163950,0,47.685625,-122.1338165,tl_2010_53_tract10
53,33,32325,53033032325,323.25,Census Tract 323.25,G5020,S,2212936,0,47.6864819,-122.1049565,tl_2010_53_tract10
53,33,28200,53033028200,282,Census Tract 282,G5020,S,2687326,1028,47.4656308,-122.2755633,tl_2010_53_tract10
53,33,28100,53033028100,281,Census Tract 281,G5020,S,1627778,0,47.4686896,-122.2991209,tl_2010_53_tract10
53,33,28000,53033028000,280,Census Tract 280,G5020,S,2094341,0,47.4666281,-122.3239219,tl_2010_53_tract10
53,33,27900,53033027900,279,Census Tract 279,G5020,S,3358042,153582,47.4638936,-122.3478454,tl_2010_53_tract10
53,33,27800,53033027800,278,Census Tract 278,G5020,S,2577267,1094948,47.4515094,-122.3679231,tl_2010_53_tract10
53,33,27702,53033027702,277.02,Census Tract 277.02,G5020,S,51481975,23439547,47.3727844,-122.4617896,tl_2010_53_tract10
53,33,5900,53033005900,59,Census Tract 59,G5020,S,1806158,173889,47.6492259,-122.3685688,tl_2010_53_tract10
53,33,5802,53033005802,58.02,Census Tract 58.02,G5020,S,3091582,1156787,47.6353633,-122.3802928,tl_2010_53_tract10
53,33,3600,53033003600,36,Census Tract 36,G5020,S,1196463,0,47.6771912,-122.3242054,tl_2010_53_tract10
53,33,3500,53033003500,35,Census Tract 35,G5020,S,1284761,0,47.6725466,-122.3520881,tl_2010_53_tract10
53,33,3400,53033003400,34,Census Tract 34,G5020,S,787147,0,47.6740646,-122.3617463,tl_2010_53_tract10
53,33,3300,53033003300,33,Census Tract 33,G5020,S,1296368,0,47.6759714,-122.3768125,tl_2010_53_tract10
53,33,3200,53033003200,32,Census Tract 32,G5020,S,2475044,1014738,47.6753292,-122.4022854,tl_2010_53_tract10
53,33,3100,53033003100,31,Census Tract 31,G5020,S,2232860,465516,47.6877574,-122.3964308,tl_2010_53_tract10
53,33,25400,53033025400,254,Census Tract 254,G5020,S,2300848,0,47.494539,-122.1839089,tl_2010_53_tract10
53,33,25500,53033025500,255,Census Tract 255,G5020,S,1524600,0,47.4970722,-122.1699618,tl_2010_53_tract10
53,33,25702,53033025702,257.02,Census Tract 257.02,G5020,S,2852893,0,47.4638347,-122.16465,tl_2010_53_tract10
53,33,32316,53033032316,323.16,Census Tract 323.16,G5020,S,6225176,2654247,47.6392221,-122.0712508,tl_2010_53_tract10
53,33,32318,53033032318,323.18,Census Tract 323.18,G5020,S,7354258,0,47.6350729,-122.0320767,tl_2010_53_tract10
53,33,31202,53033031202,312.02,Census Tract 312.02,G5020,S,66664775,755179,47.2529061,-122.0687913,tl_2010_53_tract10
53,33,31204,53033031204,312.04,Census Tract 312.04,G5020,S,36871877,608947,47.306388,-122.129911,tl_2010_53_tract10
53,33,31302,53033031302,313.02,Census Tract 313.02,G5020,S,10879017,100642,47.1859757,-122.0118854,tl_2010_53_tract10
53,33,32601,53033032601,326.01,Census Tract 326.01,G5020,S,61321771,1099683,47.5830194,-121.8625236,tl_2010_53_tract10
53,33,27600,53033027600,276,Census Tract 276,G5020,S,2846424,1307943,47.4745719,-122.3595893,tl_2010_53_tract10
53,33,29305,53033029305,293.05,Census Tract 293.05,G5020,S,2897239,2248,47.4219144,-122.2114434,tl_2010_53_tract10
53,33,29304,53033029304,293.04,Census Tract 293.04,G5020,S,4132285,30364,47.4382513,-122.1715428,tl_2010_53_tract10
53,33,29303,53033029303,293.03,Census Tract 293.03,G5020,S,3608397,1116,47.4364727,-122.1998867,tl_2010_53_tract10
53,33,29204,53033029204,292.04,Census Tract 292.04,G5020,S,4234266,1687,47.3955305,-122.2160422,tl_2010_53_tract10
53,33,3000,53033003000,30,Census Tract 30,G5020,S,1493249,0,47.6850958,-122.3740444,tl_2010_53_tract10
53,33,2900,53033002900,29,Census Tract 29,G5020,S,986207,0,47.6850872,-122.3606466,tl_2010_53_tract10
53,33,2800,53033002800,28,Census Tract 28,G5020,S,983387,0,47.68512,-122.3499256,tl_2010_53_tract10
53,33,2700,53033002700,27,Census Tract 27,G5020,S,1593775,0,47.6868673,-122.3311252,tl_2010_53_tract10
53,33,2600,53033002600,26,Census Tract 26,G5020,S,1216657,28175,47.6822031,-122.3113993,tl_2010_53_tract10
53,33,2500,53033002500,25,Census Tract 25,G5020,S,984333,0,47.6838969,-122.3022793,tl_2010_53_tract10
53,33,2400,53033002400,24,Census Tract 24,G5020,S,978103,0,47.6866812,-122.2878258,tl_2010_53_tract10
53,33,2200,53033002200,22,Census Tract 22,G5020,S,2767963,1488647,47.6922985,-122.2695132,tl_2010_53_tract10
53,33,2100,53033002100,21,Census Tract 21,G5020,S,1365467,0,47.6953673,-122.2980453,tl_2010_53_tract10
53,33,2000,53033002000,20,Census Tract 20,G5020,S,1103292,28680,47.695331,-122.3108025,tl_2010_53_tract10
53,33,31400,53033031400,314,Census Tract 314,G5020,S,6377757,1179,47.206636,-121.9889145,tl_2010_53_tract10
53,33,32007,53033032007,320.07,Census Tract 320.07,G5020,S,11492547,144662,47.3907805,-122.0670808,tl_2010_53_tract10
53,33,25101,53033025101,251.01,Census Tract 251.01,G5020,S,2935513,0,47.509392,-122.1549957,tl_2010_53_tract10
53,33,25200,53033025200,252,Census Tract 252,G5020,S,4544252,0,47.5106885,-122.1827358,tl_2010_53_tract10
53,33,22003,53033022003,220.03,Census Tract 220.03,G5020,S,2318497,0,47.725731,-122.1982413,tl_2010_53_tract10
53,33,22201,53033022201,222.01,Census Tract 222.01,G5020,S,2290376,0,47.7263403,-122.2320467,tl_2010_53_tract10
53,33,29203,53033029203,292.03,Census Tract 292.03,G5020,S,2010123,0,47.3862746,-122.2313701,tl_2010_53_tract10
53,33,29004,53033029004,290.04,Census Tract 290.04,G5020,S,1825372,0,47.3799024,-122.2968653,tl_2010_53_tract10
53,33,29003,53033029003,290.03,Census Tract 290.03,G5020,S,2574768,0,47.3824985,-122.3057539,tl_2010_53_tract10
53,33,29001,53033029001,290.01,Census Tract 290.01,G5020,S,2635370,952681,47.3840122,-122.3220799,tl_2010_53_tract10
53,33,27500,53033027500,275,Census Tract 275,G5020,S,2229521,0,47.4816357,-122.341172,tl_2010_53_tract10
53,33,27400,53033027400,274,Census Tract 274,G5020,S,3325461,0,47.4827326,-122.3236114,tl_2010_53_tract10
53,33,1900,53033001900,19,Census Tract 19,G5020,S,1663251,0,47.696535,-122.326216,tl_2010_53_tract10
53,33,1800,53033001800,18,Census Tract 18,G5020,S,942974,0,47.694045,-122.3419779,tl_2010_53_tract10
53,33,1600,53033001600,16,Census Tract 16,G5020,S,2041021,457717,47.7004763,-122.3799018,tl_2010_53_tract10
53,33,1500,53033001500,15,Census Tract 15,G5020,S,1170487,398486,47.6945678,-122.3949423,tl_2010_53_tract10
53,33,1400,53033001400,14,Census Tract 14,G5020,S,2137298,211433,47.7078795,-122.3674088,tl_2010_53_tract10
53,33,1300,53033001300,13,Census Tract 13,G5020,S,1183989,0,47.7022812,-122.342179,tl_2010_53_tract10
53,33,1200,53033001200,12,Census Tract 12,G5020,S,1834052,0,47.7071214,-122.3228194,tl_2010_53_tract10
53,33,1100,53033001100,11,Census Tract 11,G5020,S,1060418,0,47.706547,-122.3068073,tl_2010_53_tract10
53,33,1000,53033001000,10,Census Tract 10,G5020,S,954457,0,47.7064067,-122.2960648,tl_2010_53_tract10
53,33,900,53033000900,9,Census Tract 9,G5020,S,996458,2531309,47.7063747,-122.2749586,tl_2010_53_tract10
53,33,22202,53033022202,222.02,Census Tract 222.02,G5020,S,2613884,0,47.7206893,-122.2143318,tl_2010_53_tract10
53,33,32323,53033032323,323.23,Census Tract 323.23,G5020,S,3291842,0,47.6986018,-122.1117667,tl_2010_53_tract10
53,33,21600,53033021600,216,Census Tract 216,G5020,S,2855710,143532,47.767033,-122.2582785,tl_2010_53_tract10
53,33,21903,53033021903,219.03,Census Tract 219.03,G5020,S,3133850,10680,47.7175135,-122.1788294,tl_2010_53_tract10
53,61,41304,53061041304,413.04,Census Tract 413.04,G5020,S,10193854,1077369,47.9448887,-122.2664436,tl_2010_53_tract10
53,61,990002,53061990002,9900.02,Census Tract 9900.02,G5020,S,0,176297876,48.000269,-122.335051,tl_2010_53_tract10
53,61,41704,53061041704,417.04,Census Tract 417.04,G5020,S,4044959,0,47.8674032,-122.2252011,tl_2010_53_tract10
53,61,51927,53061051927,519.27,Census Tract 519.27,G5020,S,4609924,0,47.8354398,-122.2381827,tl_2010_53_tract10
53,61,41703,53061041703,417.03,Census Tract 417.03,G5020,S,3699456,236620,47.86099,-122.2427968,tl_2010_53_tract10
53,53,63300,53053063300,633,Census Tract 633,G5020,S,3373093,0,47.1990218,-122.4086992,tl_2010_53_tract10
53,61,41606,53061041606,416.06,Census Tract 416.06,G5020,S,2525930,45367,47.8857346,-122.1969527,tl_2010_53_tract10
53,61,40900,53061040900,409,Census Tract 409,G5020,S,3310569,1063926,47.9601341,-122.23608,tl_2010_53_tract10
53,61,41608,53061041608,416.08,Census Tract 416.08,G5020,S,3769151,0,47.8860204,-122.1686508,tl_2010_53_tract10
53,61,41601,53061041601,416.01,Census Tract 416.01,G5020,S,4680591,0,47.9162101,-122.1933019,tl_2010_53_tract10
53,61,41806,53061041806,418.06,Census Tract 418.06,G5020,S,2893642,0,47.9016415,-122.2299358,tl_2010_53_tract10
53,61,41905,53061041905,419.05,Census Tract 419.05,G5020,S,2227004,0,47.9014135,-122.2571911,tl_2010_53_tract10
53,61,41904,53061041904,419.04,Census Tract 419.04,G5020,S,1429901,0,47.916772,-122.2388771,tl_2010_53_tract10
53,61,41701,53061041701,417.01,Census Tract 417.01,G5020,S,2910728,401752,47.8899399,-122.2149774,tl_2010_53_tract10
53,61,41811,53061041811,418.11,Census Tract 418.11,G5020,S,3273121,98005,47.870649,-122.251008,tl_2010_53_tract10
53,61,52706,53061052706,527.06,Census Tract 527.06,G5020,S,4984607,0,48.0086872,-122.1211573,tl_2010_53_tract10
53,61,52707,53061052707,527.07,Census Tract 527.07,G5020,S,5286791,0,48.0261678,-122.1149932,tl_2010_53_tract10
53,61,51804,53061051804,518.04,Census Tract 518.04,G5020,S,2355416,0,47.8572159,-122.2638423,tl_2010_53_tract10
53,61,51803,53061051803,518.03,Census Tract 518.03,G5020,S,1597961,0,47.8562368,-122.2815196,tl_2010_53_tract10
53,61,41812,53061041812,418.12,Census Tract 418.12,G5020,S,1869435,0,47.8750642,-122.2668833,tl_2010_53_tract10
53,61,53602,53061053602,536.02,Census Tract 536.02,G5020,S,533591637,7819324,48.0123273,-121.6786912,tl_2010_53_tract10
53,61,40700,53061040700,407,Census Tract 407,G5020,S,2802554,127998,47.9727623,-122.1967897,tl_2010_53_tract10
53,61,41903,53061041903,419.03,Census Tract 419.03,G5020,S,3410942,0,47.9153115,-122.2579258,tl_2010_53_tract10
53,61,52206,53061052206,522.06,Census Tract 522.06,G5020,S,51545053,656138,47.9277104,-121.9382259,tl_2010_53_tract10
53,61,41301,53061041301,413.01,Census Tract 413.01,G5020,S,4718349,1559795,47.9375653,-122.3042307,tl_2010_53_tract10
53,61,53505,53061053505,535.05,Census Tract 535.05,G5020,S,49999076,327351,48.1098756,-122.0407893,tl_2010_53_tract10
53,61,53700,53061053700,537,Census Tract 537,G5020,S,1686821712,7128089,48.2383106,-121.4403473,tl_2010_53_tract10
53,61,42001,53061042001,420.01,Census Tract 420.01,G5020,S,4916653,1032640,47.9114849,-122.3146889,tl_2010_53_tract10
53,61,42003,53061042003,420.03,Census Tract 420.03,G5020,S,2759147,576283,47.867766,-122.3238457,tl_2010_53_tract10
53,61,50200,53061050200,502,Census Tract 502,G5020,S,4530607,1271105,47.8446498,-122.3375715,tl_2010_53_tract10
53,61,50500,53061050500,505,Census Tract 505,G5020,S,3398340,620460,47.8066452,-122.3782361,tl_2010_53_tract10
53,61,50600,53061050600,506,Census Tract 506,G5020,S,3194810,1012328,47.7881057,-122.3881006,tl_2010_53_tract10
53,61,50700,53061050700,507,Census Tract 507,G5020,S,3094948,0,47.7846492,-122.3651016,tl_2010_53_tract10
53,61,51000,53061051000,510,Census Tract 510,G5020,S,3344887,275673,47.7926729,-122.3232195,tl_2010_53_tract10
53,61,41400,53061041400,414,Census Tract 414,G5020,S,3291156,0,47.9417245,-122.2038809,tl_2010_53_tract10
53,61,41607,53061041607,416.07,Census Tract 416.07,G5020,S,2915658,0,47.8983789,-122.1734933,tl_2010_53_tract10
53,61,41000,53061041000,410,Census Tract 410,G5020,S,3072039,0,47.960184,-122.2135269,tl_2010_53_tract10
53,61,51913,53061051913,519.13,Census Tract 519.13,G5020,S,3961009,0,47.7999629,-122.268274,tl_2010_53_tract10
53,61,51100,53061051100,511,Census Tract 511,G5020,S,2056684,0,47.7839905,-122.3071192,tl_2010_53_tract10
53,61,51300,53061051300,513,Census Tract 513,G5020,S,2937777,0,47.792372,-122.2912982,tl_2010_53_tract10
53,61,51400,53061051400,514,Census Tract 514,G5020,S,3998142,34278,47.812927,-122.3065992,tl_2010_53_tract10
53,61,51500,53061051500,515,Census Tract 515,G5020,S,3285036,0,47.8207615,-122.3264263,tl_2010_53_tract10
53,61,51701,53061051701,517.01,Census Tract 517.01,G5020,S,2491488,0,47.8299717,-122.2999364,tl_2010_53_tract10
53,61,51601,53061051601,516.01,Census Tract 516.01,G5020,S,2449941,0,47.8448193,-122.309282,tl_2010_53_tract10
53,61,52603,53061052603,526.03,Census Tract 526.03,G5020,S,7544166,677178,48.031816,-122.0850872,tl_2010_53_tract10
53,61,52203,53061052203,522.03,Census Tract 522.03,G5020,S,16233726,0,47.8782187,-121.9800353,tl_2010_53_tract10
53,61,51905,53061051905,519.05,Census Tract 519.05,G5020,S,5283922,0,47.8160607,-122.2709145,tl_2010_53_tract10
53,61,51916,53061051916,519.16,Census Tract 519.16,G5020,S,2788078,0,47.7997544,-122.2291906,tl_2010_53_tract10
53,61,52007,53061052007,520.07,Census Tract 520.07,G5020,S,2194449,0,47.8395035,-122.1993428,tl_2010_53_tract10
53,61,51917,53061051917,519.17,Census Tract 519.17,G5020,S,2955045,0,47.7839864,-122.2452217,tl_2010_53_tract10
53,61,52005,53061052005,520.05,Census Tract 520.05,G5020,S,3588279,0,47.8578829,-122.2038669,tl_2010_53_tract10
53,61,50300,53061050300,503,Census Tract 503,G5020,S,3728320,880998,47.8271431,-122.3568555,tl_2010_53_tract10
53,61,50401,53061050401,504.01,Census Tract 504.01,G5020,S,3335439,0,47.8147486,-122.3495501,tl_2010_53_tract10
53,61,50402,53061050402,504.02,Census Tract 504.02,G5020,S,2847658,0,47.8043922,-122.3499125,tl_2010_53_tract10
53,61,50800,53061050800,508,Census Tract 508,G5020,S,3193975,2376,47.7932148,-122.3507755,tl_2010_53_tract10
53,61,51914,53061051914,519.14,Census Tract 519.14,G5020,S,3461179,0,47.7843007,-122.2727108,tl_2010_53_tract10
53,61,52604,53061052604,526.04,Census Tract 526.04,G5020,S,3645649,2162658,47.9986056,-122.0930361,tl_2010_53_tract10
53,61,52607,53061052607,526.07,Census Tract 526.07,G5020,S,10156194,0,47.9688262,-122.0745008,tl_2010_53_tract10
53,61,52903,53061052903,529.03,Census Tract 529.03,G5020,S,2985585,383296,48.0531551,-122.1722506,tl_2010_53_tract10
53,61,53302,53061053302,533.02,Census Tract 533.02,G5020,S,89036790,486484,48.2589939,-122.2781367,tl_2010_53_tract10
53,61,53301,53061053301,533.01,Census Tract 533.01,G5020,S,24660154,3357776,48.2560314,-122.3660164,tl_2010_53_tract10
53,61,53201,53061053201,532.01,Census Tract 532.01,G5020,S,46687780,6333315,48.194532,-122.3190817,tl_2010_53_tract10
53,61,50900,53061050900,509,Census Tract 509,G5020,S,1494173,131551,47.7859889,-122.337135,tl_2010_53_tract10
53,61,42004,53061042004,420.04,Census Tract 420.04,G5020,S,2382616,153461,47.87289,-122.2857111,tl_2010_53_tract10
53,61,51702,53061051702,517.02,Census Tract 517.02,G5020,S,2167087,0,47.8312065,-122.2863838,tl_2010_53_tract10
53,61,51915,53061051915,519.15,Census Tract 519.15,G5020,S,4144041,0,47.8060371,-122.2466566,tl_2010_53_tract10
53,61,51802,53061051802,518.02,Census Tract 518.02,G5020,S,5003614,0,47.839616,-122.2735791,tl_2010_53_tract10
53,61,52004,53061052004,520.04,Census Tract 520.04,G5020,S,3311835,14039,47.868695,-122.2071675,tl_2010_53_tract10
53,61,51200,53061051200,512,Census Tract 512,G5020,S,2100184,0,47.7978124,-122.3058174,tl_2010_53_tract10
53,61,42005,53061042005,420.05,Census Tract 420.05,G5020,S,6409456,786162,47.883155,-122.314033,tl_2010_53_tract10
53,61,52006,53061052006,520.06,Census Tract 520.06,G5020,S,1933179,0,47.8494716,-122.1963272,tl_2010_53_tract10
53,61,40200,53061040200,402,Census Tract 402,G5020,S,2559877,433209,48.0044148,-122.187886,tl_2010_53_tract10
53,61,40100,53061040100,401,Census Tract 401,G5020,S,4798186,4113633,48.0041499,-122.2197294,tl_2010_53_tract10
53,61,40300,53061040300,403,Census Tract 403,G5020,S,1049263,0,47.9941342,-122.2000385,tl_2010_53_tract10
53,61,40800,53061040800,408,Census Tract 408,G5020,S,1439691,1525964,47.9780755,-122.2204,tl_2010_53_tract10
53,61,40400,53061040400,404,Census Tract 404,G5020,S,1703153,725332,47.9862417,-122.2162288,tl_2010_53_tract10
53,61,41202,53061041202,412.02,Census Tract 412.02,G5020,S,2641467,44329,47.9282413,-122.2252643,tl_2010_53_tract10
53,61,41201,53061041201,412.01,Census Tract 412.01,G5020,S,1485820,0,47.9447703,-122.235622,tl_2010_53_tract10
53,61,41100,53061041100,411,Census Tract 411,G5020,S,2719585,6510,47.9446593,-122.2205112,tl_2010_53_tract10
53,61,41500,53061041500,415,Census Tract 415,G5020,S,5453096,208594,47.9358943,-122.1869829,tl_2010_53_tract10
53,61,41805,53061041805,418.05,Census Tract 418.05,G5020,S,3330655,0,47.9140418,-122.2226772,tl_2010_53_tract10
53,61,51602,53061051602,516.02,Census Tract 516.02,G5020,S,2051435,0,47.834005,-122.3155946,tl_2010_53_tract10
53,61,42006,53061042006,420.06,Census Tract 420.06,G5020,S,2671333,0,47.8941034,-122.2989299,tl_2010_53_tract10
53,61,52606,53061052606,526.06,Census Tract 526.06,G5020,S,13059402,1094521,48.0041225,-122.0488908,tl_2010_53_tract10
53,61,52605,53061052605,526.05,Census Tract 526.05,G5020,S,4726715,196404,48.0191053,-122.0667747,tl_2010_53_tract10
53,61,51912,53061051912,519.12,Census Tract 519.12,G5020,S,13454200,188595,47.7858501,-122.1074077,tl_2010_53_tract10
53,61,52401,53061052401,524.01,Census Tract 524.01,G5020,S,3869483,279363,47.925866,-122.0952218,tl_2010_53_tract10
53,61,52107,53061052107,521.07,Census Tract 521.07,G5020,S,12464831,0,47.8242011,-122.1557842,tl_2010_53_tract10
53,61,52108,53061052108,521.08,Census Tract 521.08,G5020,S,23399757,0,47.8312189,-122.1027589,tl_2010_53_tract10
53,61,52904,53061052904,529.04,Census Tract 529.04,G5020,S,3509274,45029,48.0510765,-122.149677,tl_2010_53_tract10
53,61,41605,53061041605,416.05,Census Tract 416.05,G5020,S,2462205,9609,47.9010872,-122.1958154,tl_2010_53_tract10
53,61,52207,53061052207,522.07,Census Tract 522.07,G5020,S,66955210,280666,47.9021504,-121.8778153,tl_2010_53_tract10
53,61,52204,53061052204,522.04,Census Tract 522.04,G5020,S,9795029,0,47.8667668,-122.0183865,tl_2010_53_tract10
53,61,53802,53061053802,538.02,Census Tract 538.02,G5020,S,22507204,14961,47.8662784,-121.824778,tl_2010_53_tract10
53,61,41901,53061041901,419.01,Census Tract 419.01,G5020,S,8847183,0,47.901657,-122.2789279,tl_2010_53_tract10
53,61,52104,53061052104,521.04,Census Tract 521.04,G5020,S,43475134,6813061,47.98669,-122.1669708,tl_2010_53_tract10
53,61,52105,53061052105,521.05,Census Tract 521.05,G5020,S,51596798,3007428,47.8788198,-122.0930753,tl_2010_53_tract10
53,61,52301,53061052301,523.01,Census Tract 523.01,G5020,S,39269194,731815,47.9615588,-122.0179745,tl_2010_53_tract10
53,61,52302,53061052302,523.02,Census Tract 523.02,G5020,S,34210942,0,47.9119988,-122.0322076,tl_2010_53_tract10
53,61,52504,53061052504,525.04,Census Tract 525.04,G5020,S,7883633,0,47.9658366,-122.1113114,tl_2010_53_tract10
53,61,52503,53061052503,525.03,Census Tract 525.03,G5020,S,4995664,0,47.9865002,-122.1160199,tl_2010_53_tract10
53,61,52705,53061052705,527.05,Census Tract 527.05,G5020,S,15538868,550522,48.0521058,-122.1020985,tl_2010_53_tract10
53,61,52502,53061052502,525.02,Census Tract 525.02,G5020,S,14105285,324180,47.9347064,-122.1187816,tl_2010_53_tract10
53,61,53102,53061053102,531.02,Census Tract 531.02,G5020,S,24484659,726457,48.1387632,-122.2356312,tl_2010_53_tract10
53,61,53101,53061053101,531.01,Census Tract 531.01,G5020,S,27408311,0,48.1730236,-122.2333219,tl_2010_53_tract10
53,61,53202,53061053202,532.02,Census Tract 532.02,G5020,S,22191550,4453471,48.1432722,-122.3444577,tl_2010_53_tract10
53,61,53400,53061053400,534,Census Tract 534,G5020,S,129789145,349052,48.2773898,-122.1467616,tl_2010_53_tract10
53,61,53504,53061053504,535.04,Census Tract 535.04,G5020,S,11960846,13346,48.1810168,-122.107702,tl_2010_53_tract10
53,61,52701,53061052701,527.01,Census Tract 527.01,G5020,S,20451239,0,48.1245256,-122.1185986,tl_2010_53_tract10
53,61,52806,53061052806,528.06,Census Tract 528.06,G5020,S,3167843,0,48.0834178,-122.1511314,tl_2010_53_tract10
53,61,52803,53061052803,528.03,Census Tract 528.03,G5020,S,14159012,0,48.1334674,-122.1638698,tl_2010_53_tract10
53,61,52804,53061052804,528.04,Census Tract 528.04,G5020,S,6989842,0,48.1045956,-122.160167,tl_2010_53_tract10
53,61,940001,53061940001,9400.01,Census Tract 9400.01,G5020,S,50450365,7707648,48.0752411,-122.2219208,tl_2010_53_tract10
53,61,940002,53061940002,9400.02,Census Tract 9400.02,G5020,S,39006152,4834822,48.0961405,-122.3026053,tl_2010_53_tract10
53,61,53506,53061053506,535.06,Census Tract 535.06,G5020,S,257968641,1654225,48.2011528,-121.9823827,tl_2010_53_tract10
53,61,53801,53061053801,538.01,Census Tract 538.01,G5020,S,1137340302,5355421,47.8743738,-121.4514041,tl_2010_53_tract10
53,61,53803,53061053803,538.03,Census Tract 538.03,G5020,S,271321716,5188445,47.8955608,-121.6492101,tl_2010_53_tract10
53,61,50102,53061050102,501.02,Census Tract 501.02,G5020,S,1805956,0,47.8581251,-122.295589,tl_2010_53_tract10
53,61,50101,53061050101,501.01,Census Tract 501.01,G5020,S,2561730,200462,47.8603786,-122.3236642,tl_2010_53_tract10
53,61,51918,53061051918,519.18,Census Tract 519.18,G5020,S,4499644,0,47.7834128,-122.2143856,tl_2010_53_tract10
53,61,52112,53061052112,521.12,Census Tract 521.12,G5020,S,14764507,0,47.8014758,-122.0715773,tl_2010_53_tract10
53,61,52113,53061052113,521.13,Census Tract 521.13,G5020,S,22203613,198741,47.7926846,-122.0212172,tl_2010_53_tract10
53,61,52402,53061052402,524.02,Census Tract 524.02,G5020,S,2427219,42352,47.9150606,-122.0895205,tl_2010_53_tract10
53,61,52805,53061052805,528.05,Census Tract 528.05,G5020,S,4488199,0,48.0859196,-122.1745385,tl_2010_53_tract10
53,61,41808,53061041808,418.08,Census Tract 418.08,G5020,S,1692669,0,47.8908306,-122.230825,tl_2010_53_tract10
